name,years,season_id,media_id
人生一串,2018,24439,97952
国家宝藏 第二季,2018,26017,4308862
国家宝藏 第一季,2017,21715,11592
历史那些事,2018,25810,139572
巡逻现场实录2018,2018,26025,4309122
冒险雷探长,2013,25915,142552
如果国宝会说话 第二季,2018,23618,117072
荒岛余生,2013,25249,122412
荒野求生 第二季,2007,25487,129792
川味 第三季（四川话配音）,2019,26637,17168068
我在故宫修文物,2016,20792,20792
航拍中国 第二季,2019,26706,19380306
原始生活21天 第二季,2018,25500,130152
Top Gear 第25季,2018,23780,73512
如果国宝会说话 第一季,2018,22505,33572
bilibili@黄金眼,2019,26489,12593229
水果传,2018,22785,39912
荒野求生 第一季,2006,25488,129832
Top Gear 第26季,2019,26442,10394559
和之美,2015,20787,73712
业内人士 第一季,2018,26247,4315162
白镜,2018,24224,91332
500元的幸福,2019,26469,11653495
这就是中国,2019,26421,8726750
透视人体极限,2018,25542,131212
电视冠军之极,2018,25841,140792
BBC 文明,2018,23992,84192
体内怪物 第三季,2018,25627,132872
决胜荒野,2019,26776,21994323
寻味顺德,2016,20868,20868
VICE 肖像,2017,25072,117312
箭厂 时代当下,2016,25981,3070914
地球脉动,2006,20302,20302
糟糕的历史 第1季,2009,25232,121312
川味 第一季,2015,6524,6524
鸟瞰中国 第二季,2018,26003,3696945
信・中国,2018,23800,76732
Top Gear 第22季,2015,23885,80532
Aha视频 现场,2017,25490,129872
亿万富翁们的饕餮盛宴,2015,20611,20611
生命时速・紧急救护120,2018,23917,80432
创新中国,2018,23512,58712
河西走廊,2015,20790,20790
寻找手艺,2017,21334,21334
超级工程3：纵横中国,2017,23768,72912
穷豪旅游记,2018,23478,57792
机核网 混核理论,2016,25837,140572
真实一刻,2018,25552,131432
行行出状元 第六季,2018,25533,130952
RIDE ON TIME ?时间编织的真实故事 ~,2018,26002,3659757
动物农场2019,2019,26471,11898796
川味 第二季,2017,6523,6523
三十二,2014,21333,21333
箭厂 决赛日,2017,25984,3080174
伟大的制造,2018,26337,4760978
Borrowed Gear 借跑车的人：日本任务,2019,26485,12443235
Borrowed Gear 借跑车的人,2018,23781,73652
核众食堂,2017,25936,143052
宇宙有道理,2010,25238,122112
戈登・拉姆齐的终极家常菜,2013,25949,623273
武器大师,2018,25641,133152
非凡匠心 第二季,2018,23593,67692
体内怪物 第五季,2018,25635,133032
Top Gear 第21季,2014,23923,80672
恶魔在人间,2015,24166,88412
Top Gear 第19季,2013,24064,85992
神奇的月球,2018,23579,67372
日出之食,2017,21371,21371
蓝色星球,2001,20490,20490
生命循环：奇异的腐烂科学,2011,25242,122232
萌宠成长记,2011,24269,92332
绝对好奇：全球最脏的男人,2018,25648,133292
第三极,2015,20791,20791
万物滋养,2018,23552,60592
神秘旅行-细胞内部之旅,2012,20549,20549
荒野大追捕,2018,25524,130752
超级亚洲,2016,23947,82852
野外求生夫妻档 第二季,2018,25517,130592
Top Gear 第18季,2012,24223,91292
卡尔・拉格斐：孤独的时尚大帝,2008,21212,21212
生命里,2018,25647,133272
贝爷生存学院,2018,24344,95652
熊猫总动员,2018,25544,131232
人体极限大挑战,2012,25677,133772
极限生存游戏,2018,25250,122432
凸变英雄 AFTERWORDS,2018,24872,110572
关键战役,2018,25595,132352
川味 第三季（普通话配音）,2019,26685,18551930
Top Gear 第16季,2011,24801,108472
Top Gear 第20季,2013,23944,82732
地平线系列：太阳系的终结,2016,26138,4312302
Top Gear 第12季,2008,24988,114112
Top Gear 第14季,2009,24465,99332
绝对好奇：飞机坠毁全目击,2018,25650,133332
戈登・拉姆齐终极烹饪教程,2012,25952,797973
Top Gear 第24季,2017,24175,88912
远古外星人 第八季,2015,26322,4316182
星巴克的秘密配方,2017,26365,5915572
凶猛动物,2016,24992,114212
Top Gear 第10季,2007,25163,119532
BBC NHU创新的60年,2017,21716,11612
香巴拉深处,2018,23492,58112
实验疗法第一人,2018,25518,130632
三日为期,2018,23387,55692
荒野生存,2017,21319,21319
72小时,2018,24898,111352
从秦始皇到汉武帝,2016,26038,4309542
大明宫,2009,26415,8542548
暴富生活,2018,25704,134212
嗨！东盟,2018,25452,128472
极限生存游戏 第二季,2018,25525,130772
吃在江苏,2015,20889,20889
Top Gear 第17季,2011,24343,95612
与水怪同游,2018,25530,130892
完美谋杀案,2018,25719,134452
玩家,2017,24019,84852
未来世界,2013,25248,122392
糟糕的历史 第3季,2011,25338,125012
Aha视频 人物,2017,25491,129912
Top Gear 第15季,2010,24314,94272
喋血长平,2017,22679,37312
现代奇迹,2018,22804,40332
糟糕的历史 第2季,2010,25333,124672
什么让人类越来越蠢,2018,26342,4851345
箭厂 成为偶像,2018,25987,3083754
绝对好奇：洗脑实验,2018,25655,133412
伟大的一餐,2016,23946,82832
家有恶猫 第二季,2018,25592,132432
我到新疆去,2018,24270,92392
等一等，互联网,2019,26785,22252345
夺命面试,2018,25638,133092
世界遗产在中国,2008,20874,20874
生而为王,2013,20380,20380
Top Gear 第13季,2009,24708,103752
Top Gear 第23季,2016,24197,90112
鸟瞰中国 第一季,2015,25846,140892
箭厂 职人魂,2017,25982,3073834
911： 改变世界的一天,2011,20237,20237
Top Gear 第1季,2002,26328,4316322
中式学校,2015,26432,10030398
企鹅群里有特务,2013,20127,20127
决战军武,2018,25532,130912
大吃一周,2017,26591,15555670
Top Gear 第6季,2005,25757,135612
宇宙奇观,2011,20423,20423
Top Gear 第8季,2006,25376,126112
大小很重要,2019,26604,15816043
宠物妙翻天,2014,25476,129552
三十而“腻” | 大型脂肪对抗日记,2019,26596,15587335
Aha视频 视角,2017,25492,129952
我的朋友不是人,2017,22781,39832
发现中国：中国大地震,2009,20880,75492
怪兽档案 第一季,2018,25670,133632
GSENSE 华丽一族,2018,25219,120912
人面兽心 第二季,2018,25600,132592
原始生活21天 第三季,2018,25498,130112
萌宠成长记 第一季,2011,26423,8734619
Top Gear 第11季,2008,25071,117232
肉的真相,2019,26741,21100293
手造中国,2017,21335,21335
中国春节――全球最大的节日,2016,26104,4311222
树屋大师 第二季,2018,25591,132412
不了神话：宫崎骏,2016,26242,4315062
失踪的理智,2014,26540,13017965
重生,2016,21357,21357
中国人的年,2019,26574,13761429
国史演义,2015,21154,21154
史前世界,2018,25597,132512
开膛手杰克,2010,26744,21283586
Top Gear A-Z特辑,2015,24178,88992
你能挺住这些恐怖电影吗？,2012,26110,4311442
层层透视大宇宙,2018,25523,130732
绝对好奇：地球的毁灭,2018,25603,132652
精英部队魔鬼营 第一季,2018,25539,131132
生命,2009,20387,20387
霸王龙：进化之旅,2016,26244,4315102
天生杀手 第三季,2016,20788,20788
全球食品,2011,26434,10217232
灵异72小时 第二季,2018,25519,130652
走进肯德基 ：十亿美元鸡肉店,2014,24869,110512
Top Gear 第5季,2004,25866,141452
百万美国公主,2015,20300,20300
揭秘,2015,20998,20998
自然界最奇异的事件 第四季,2015,26544,13236977
取毒高手,2018,25705,134232
两百万卡路里的自助餐,2016,20579,20579
走进黑暗网络,2014,20849,75872
乘着绿皮车去旅行,2018,25916,142592
家有恶猫 第四季,2018,25629,132912
玄奘之路,2011,20870,20870
历史阴谋论 第二季,2018,25548,131352
朝鲜战争下的历史真相,2017,21193,74892
科幻小说预言家 第一季,2018,25672,133672
贡嘎,2017,22388,30672
Top Gear 第9季,2007,25324,124372
美丽中国,2008,25947,498752
华夏传奇,2017,21287,21287
台北故宫,2017,21201,21201
狂野24小时,2017,26325,4316242
传奇中国,2017,21289,21289
小神之岛,2016,26252,4315282
必由之路,2018,26333,4734665
地平线：我们为什么会变胖？,2016,26147,4312502
Top Gear 第7季,2005,25471,129192
动物农场2018,2018,26537,13009666
Top Gear 第3季,2003,26006,3719237
超越大脑极限 中国的世界记忆力冠军,2011,20319,20319
箭厂 回到未来,2018,25986,3082633
原始生活21天：双重危机,2018,25501,130172
雪宝-一个小企鹅的故事,2015,20396,20396
红牛国际街舞大赛,2018,23982,83932
像乌鸦一样思考,2013,20032,20032
追眠记,2018,24312,94232
两性奥秘,2004,26318,4316082
京都人秘密的欢愉,2015,26621,16640226
智慧中国 第一季,2016,23975,83612
野外求生六人行 第一季,2018,25506,130272
吸血鬼公主,2007,20958,20958
皇帝的秘密花园,2012,21370,21370
爱情与色欲,2018,24110,87212
Top Gear 第2季,2003,26152,4312662
良工巨匠,2013,20265,20265
习近平治国方略：中国这五年,2017,21185,21185
特工处探秘,2018,25536,131012
美国最牛越狱,2015,26129,4312022
超能理工派,2018,23874,78892
过年 第二季,2016,21345,21345
传奇老字号,2019,26387,7385792
科幻成真 第二季,2018,25546,131272
世界上最著名的学校,2014,20378,20378
霍金：来自无限的过往，去到无限的未来,2018,23805,77172
冰冻星球,2011,20034,20034
零度以下的生活:消融 第一季,2013,20369,20369
地平线系列：小猫日记,2013,20845,75832
面具之内,2015,21102,21102
穴中杀手,2013,25384,126292
秘境广西,2015,20973,20973
亨利八世的6位皇后,2016,26188,4313562
熊猫宝宝,2015,20429,20429
无节制消费的元凶,2014,20526,20526
印度全球最大的校园午餐,2012,26470,11685718
怪兽档案 第二季,2018,25671,133652
树屋大师 第三季,2018,25694,134012
药箱里的真相,2015,26418,8560323
制造的原理：梦幻名车 第三季,2018,25521,130692
武器秘史,2018,25601,132612
蛮族崛起,2016,20693,20693
蜘蛛侠背后的科技,2016,22190,25712
Top Gear 第4季,2004,25953,813071
减肥十件事,2009,20240,20240
与猎豹同行,2018,25528,130852
非常实验室 第一季,2018,25545,131252
与非洲同行,2018,25480,129652
喜马拉雅天梯,2015,22429,31852
飞跃进化,2015,20315,20315
极端环境,2016,21779,13052
VICE 只有街舞,2018,25401,126752
欢迎来到减肥世界,2012,20743,20743
BEATBOX 燃爆世界,2015,26419,8700647
清宫秘档,2004,21156,21156
俄罗斯人质危机下的普京,2017,21202,74732
地平线：电子香烟是奇迹还是威胁？,2016,25240,122192
拿破仑传,2016,21763,12752
求生一加一5精彩镜头,2018,25593,132452
MH370航班失踪疑云,2018,25692,133972
红毯这件事,2010,26624,16661365
VICE 大厨小吃,2017,25073,117392
三国的世界,2018,26145,4312462
环绕日本,2015,26625,16662699
我们的世界大战,2014,20435,20435
兵马俑的新秘密,2013,20548,20548
神秘的西夏,2015,20873,20873
最后的极圈居民,2018,25551,131412
古埃及神秘墓室,2010,25497,130092
女人的秘密生活：黑手党的女人们,2019,26742,21101854
屋中大猫,2018,26462,10709144
顶尖狙击手 第二季,2018,25541,131192
你体内的鱼,2014,26560,13514069
地平线：你需要知道的未来十件事,2017,26134,4312162
北美大地,2018,25660,133472
求生一加一 第二季（巴西版）,2018,25505,130252
内华达的原子弹,2018,25898,142152
我是中国的孩子,2016,23477,57772
古代暴君,2009,24958,113052
收割炸弹,2007,21851,14952
探索青少年大脑,2018,26105,4311242
世界上最艰难的工作,2015,26060,4310142
大熊猫在英国,2012,20567,20567
AI?未来,2018,25863,141372
箭厂 花钱档案,2017,25985,3081939
南太平洋,2009,20367,20367
合理瘦身 第一季,2016,25378,126172
揭秘特种兵,2018,26150,4312582
天才猎手：变色龙,2014,26385,6832385
护鲸大战 第一季,2018,25599,132572
行为恶劣的植物,2013,25197,120472
猫狗之争 谁更适合做宠物,2016,20644,20644
婴儿的秘密生活,2014,26718,19727534
宇宙大爆炸前发生了什么,2010,20835,75632
为石油而战,2018,26132,4312102
新鲜水果的冒牌货,2017,21410,21410
智慧中国 ・ 众创时代,2018,23984,83992
VICE 挪威吃喝指南,2018,25174,119992
筑地寻味,2014,20169,20169
动物宝宝 迷你特辑,2014,20175,20175
世界的“妖魔”――迈克尔・杰克逊,2016,21839,14432
巧克力-苦的真相,2010,20532,20532
地平线系列：宇宙有多大,2012,20776,74292
未来血液,2016,25416,127192
斯大林格勒战役,2016,22233,26852
史蒂芬霍金：论天道,2018,25534,130992
液态科学 第一季,2018,24414,97232
味道云南,2013,25737,134712
历史大揭秘,2018,24278,92532
甲壳动物的神秘世界,2012,20461,20461
旧衣的秘密,2014,21384,21384
“杀死”老妈的50种方法 第一季,2014,20643,20643
浪费了的粮食,2017,26704,19013963
一本书一座城 第二季,2017,21361,21361
上流生活,2014,20376,20376
影响：改革开放40年的中国电影,2018,26336,4763589
箭厂 探索者,2017,25983,3078250
糟糕的历史 第5季,2013,25344,125232
天才们,2016,22600,35552
室内近距离战斗,2012,21157,21157
爱因斯坦和相对论的故事,2015,25429,127752
叛国罪：密码 间谍和阴谋,2016,21844,14572
树屋大师 第五季,2018,25639,133112
疯狂蛋糕,2016,20612,20612
BBC 地平线系列：味觉的真相,2013,20122,20122
全球最佳饮食,2014,20628,20628
民国纸牌屋,2015,20886,20886
真实的夏洛克・福尔摩斯,2012,20661,20661
阅读之路,2012,26542,13022023
过年 第一季,2015,21344,21344
强迫症・心魔,2015,20060,20060
奶牛工厂,2018,26405,7780354
哈里&梅根：皇室婚礼,2018,24271,92412
亚洲美食文化,2017,25187,120252
顶尖制造,2018,25674,133712
全球最恶心,2011,20658,20658
恶魔岛：人间地狱,2018,24984,113952
食用培育肉是否指日可待,2013,26573,13745712
最可怕的噩梦,2014,25957,1330557
想做模特的女孩,2012,21759,12672
生命的故事,2014,20386,20386
健康减肥大计 第三季,2017,26440,10388752
人造星球,2019,26431,10007072
博物馆的秘密,2011,20324,20324
天外煞星,2010,25729,134572
C罗,2016,22180,25512
超级战舰,2016,22577,35052
深海：深渊之光,2016,26249,4315222
飘扬的安德烈耶夫旗,2018,24541,101032
绝对好奇：长生不死之谜,2018,25646,133252
寻找小糖人,2012,21800,13412
前清秘史,2007,21573,21573
我们的传承,2018,26344,4974601
远古外星人 第七季,2014,26321,4316162
求生一加一 第五季,2018,25502,130192
植物王国,2012,26631,16872645
福岛：灾后新希望,2018,25724,134512
黑洞,2016,20957,20957
地平线：护发秘诀,2017,26142,4312382
黑洞吞噬,2013,20116,20116
寻味之旅,2016,25971,2107426
隐秘中国,2017,25387,126372
层层透视大都会,2012,25335,124852
糟糕的历史 第4季,2012,25339,125072
拿破仑,2015,20621,20621
抢救工程失误,2018,25703,134192
绝对好奇：美国值多少？,2018,25649,133312
舌尖上的爱尔兰,2016,21960,18952
南极洲：冰上的一年,2013,21502,21502
从克格勃到俄罗斯偶像――普京,2017,21178,21178
水果猎人,2013,26429,9955910
知名画作解析,2013,22197,25892
拳打脚踢中国功夫,2018,24411,97172
先生,2012,21015,21015
地平线：绿光计划――重力控制探索,2016,26140,4312342
化茧成蝶,2018,24218,90992
绝命火炮,2018,25626,132852
中国历代服饰,2016,20937,20937
中国蓝盔,2017,21736,12072
黄石公园,2009,20334,20334
88小时：福岛核劫,2016,26409,7788007
涉谷十字路口,2015,20181,20181
一车行天下 第一季,2018,25625,132832
中美外交风云揭秘 邓小平在1979,2017,21189,74952
冰河期巨兽,2013,20314,20314
俯瞰美国,2018,24822,109132
徒手抓鱼乐趣多 第二季,2018,25682,133812
超能猫咪,2017,25507,130332
地平线系列：我们该玩电子游戏吗,2015,20765,74152
敦煌,2010,25948,503917
舞者,2016,20641,20641
高糖VS高脂肪,2014,20024,20024
北洋大时代,2013,21734,12032
沙场,2017,21324,21324
动物世界,2006,22801,40272
噩梦房东和租客,2015,26098,4311002
树屋大师 第四季,2018,25707,134272
鸟瞰地球,2011,20370,20370
诗词中国,2019,26843,23849710
我从新疆来,2016,24222,91252
帝国的黎明,2014,22604,35672
VICE 陌路同途,2018,25818,140052
决战军武,2018,25594,132472
世界美食,2009,24732,105652
得州兽医三人组 第二季,2018,25723,134492
大抗战,2014,26655,18303946
星球奥秘 第六季,2008,25879,141772
解密紫禁城,2007,21809,13732
奢侈的一小半 第一季,2018,24217,90932
维生素的真相,2015,21414,21414
绝对好奇：魔鬼百慕大,2018,25651,133352
手工作坊的秘密,2015,21216,21216
帝都泱泱,2013,21007,21007
中国制造,2017,21881,16692
毛发的世界,2010,26602,15813691
航天解密档案 第一季,2018,25526,130792
谋杀之地,2015,21225,21225
幻影与银影 劳斯莱斯的百年企业史,2018,24103,87072
冰山寻宝梦 第二季,2018,25630,132932
肮脏的城市,2011,20066,20066
小师傅,2018,25208,120312
家人租赁公司,2012,25827,140352
舌尖上的法国,2018,24182,89172
明日世界,2008,21760,12692
爱上中国,2017,21363,21363
猫的秘密生活,2013,20774,74272
猫女士,2009,20718,20718
野性之夜,2018,25669,133612
突击队员,2016,21618,21618
医道无界,2018,25482,129692
得州兽医三人组,2018,25563,131772
四季中国,2019,26579,13802747
欧洲电视网歌唱大赛,2016,26725,19743530
塑料,2013,26031,4309302
城市探险者,2018,24812,108932
被挠,2016,21701,11292
DIM丝袜的光辉年代,2016,21229,21229
大智慧,2015,25462,128732
萌宠成长记 第三季,2012,26439,10231869
中国文物,2016,20913,20913
奢侈的生活 第一季,2018,24183,89692
我们真的了解宇宙吗？,2010,20770,74232
中国的世界遗产,2016,20942,20942
戴安娜的独白,2017,21176,21176
北海道・美味独行,2015,20448,20448
智商102的狗狗,2016,20575,20575
超级品牌的秘密,2011,20518,20518
濒危的爱斯基摩犬,2011,21459,21459
世界上最昂贵的玩具,2016,20578,20578
街头狂飙 第一季,2018,25688,133912
大后方,2015,25999,3385646
足球少年养成,2018,24134,87732
致肥元凶,2012,20133,20133
荒野求存 第七季,2016,22409,31372
中国维和行动,2012,20988,20988
冰湖浪人 第一季,2018,25632,132972
我的抗战Ⅱ,2011,20797,20797
新华书店,2017,21353,21353
熊猫列传,2018,24233,91512
动物世界,2016,22067,22932
人骨探秘,2008,25252,122472
1974西沙海战,2017,21195,74852
地球的秘密,2013,21220,21220
三宅一生：为设计而生,2015,20050,20050
过台湾,2017,25489,129852
珍品拍卖王 第三季,2018,25684,133852
发现中国：消失的王朝,2016,20877,75112
冰岛,2016,21843,14552
电影史话,2011,22177,25452
地球的力量,2007,20458,20458
那些卖超级跑车的人,2018,25012,114812
高三,2005,24338,95452
威廉王子和凯特：皇室婚礼,2018,24205,90392
病毒为何致命,2010,20126,20126
百万英镑豪宅,2015,25768,136372
罗马：帝国无止境,2016,24407,97092
动物爱情故事,2013,20552,20552
亚洲琼浆,2015,26092,4310782
特种部队：谁有胆赢  第一季,2015,25918,142652
我该吃肉吗,2014,20064,20064
欧洲最后的战王,2018,24933,112352
卧底海豚帮,2014,20343,20343
寻找下一个地球,2019,26610,16021955
是谁杀了夏洛克・福尔摩斯,2010,25448,128332
北极行动,2016,25241,122212
大灾难,2015,24185,89872
自然奇境第十季,2016,20201,20201
基因医生,2017,25758,135852
新世代武力,2013,26364,5913566
伟大工程巡礼,2004,24504,100212
中国地理探奇,2015,20887,20887
地球未来2050,2014,20675,20675
克里斯汀・迪奥 : 失乐园里的雅致,2016,21217,21217
当卢浮宫遇见紫禁城,2010,26599,15778294
地平线：宇宙中的怪异天气,2016,26798,22663696
传奇霍金,2012,25775,136652
俄罗斯渔民,2013,24991,114192
美人鱼：新证据,2018,25685,133872
你是种族主义者吗,2018,25044,115552
浮生一日 第一季,2011,20654,20654
我们的学校,2014,20610,20610
超级迷你动物,2011,24511,100352
溥仪,2017,21278,21278
动物变专家,2014,21151,21151
致命曼谷,2013,20405,20405
书籍之美,2011,20025,20025
神秘的日本,2014,24398,96892
改变我一生的角色,2009,21926,18032
工业传奇：与德国智造同行,2017,21172,21172
纪录片编辑室・72小时,2017,22749,39052
第12届狗宝宝大比拼,2018,25616,132772
舌尖上的澳大利亚,2016,21978,19272
伊丽莎白二世,2015,20445,20445
奇葩运动 第一季,2015,25993,3345695
骄奢父母,2016,24254,91952
狗狗也许会飞,2016,20615,20615
世纪之案,2013,21870,16292
威廉，凯特与乔治:新王室家庭,2015,20436,20436
看不见的古代城市,2018,25817,139992
我是希斯・莱杰,2017,26613,16143935
发光的海洋,2013,21169,21169
狗儿救援迎新生 第八季,2018,25565,131812
新勇敢女孩,2014,20617,20617
酒店噩梦 第二季,2014,24229,91432
挺进蛮荒岛：鲨鱼岛,2016,24009,84632
古埃及的珍宝,2014,20519,20519
食品加工厂 第四季,2014,26000,3390294
远古海洋怪兽,2019,26680,18517301
真假美国史 第二季,2018,25547,131312
驱魔档案,2018,25702,134172
我是李小龙,2011,23787,73852
未来食物,2010,24717,105332
SNH48 BLUEV出道成长全纪录,2018,25778,137252
面对事实：肉毒杆菌的真相,2011,20572,20572
世界离奇灵异事件排行榜,2016,21938,18392
自然的力量,2016,22643,36492
从地球出发:美国宇航局任务50年,2018,25642,133172
地平线系列：寻找人工智能,2012,20038,20038
葡萄酒大赏,2016,20614,20614
BBC 寻访世界八十大珍宝,2005,25453,128532
萨达姆的末日倒计时,2017,21199,74772
航天解密档案 第二季,2018,25633,132992
明星猫咪,2018,24220,91152
透视牛奶,2017,21350,21350
中国老总,2018,24288,93252
东京 在大城市里蜗居,2008,25873,141672
机器巨无霸,2018,25667,133572
法国设计饕餮大赏,2011,20778,20778
艺伎的秘密生活,2000,20566,20566
大逃亡,2017,24395,96832
希特勒亡日,2016,24484,99752
大卫・爱登堡与巨象,2017,21724,11832
终极战争,2017,21382,21382
戴安娜王妃的邪恶继母,2019,26616,16159074
英国生命线,2013,25046,116592
超级卡车司机 第二季,2018,24404,97032
英食品工厂:我们最喜爱的食物是如何制造的,2015,20428,20428
宇宙前沿： 冥王星,2015,26239,4315002
发现时尚,2018,23786,73832
足球英雄,2016,21539,21539
邱瑞秋的巴黎小厨,2012,20516,20516
极限之跃,2017,20695,20695
中国古代玉文化,2011,21037,21037
“杀死”老妈的50种方法 第二季,2015,20619,20619
Aha视频 好馋,2018,25493,130012
独家幕后揭秘 BBC满分神作是怎么拍出来的,2018,22806,40372
绝对好奇：认识太阳,2018,25657,133452
勇敢的心后传,2015,22203,26012
动物之家 天生的工程师,2015,25201,120552
松露大师,2016,20443,20443
吉米回家转 第一季,2007,20669,20669
酒店噩梦 第三季,2016,24230,91452
如何建造星球,2013,20382,20382
我是女空乘,2016,21869,16132
量子力学揭密,2014,20708,20708
冰山寻宝梦 第三季,2018,25631,132952
迪奥，大秀的秘密,2017,21215,21215
历史大发明,2018,25668,133592
雪豹,2015,22006,19972
黑色传奇----巴拉克.奥巴马,2016,22181,25572
心灵魔术师,2018,25686,133892
黑暗事件：扭曲的真相,2011,22776,39672
邱瑞秋的厨房笔记：伦敦,2014,20499,20499
航天解密档案 第三季,2018,25764,130812
林下生命,2005,20364,20364
永不沉没的泰坦尼克,2008,26119,4311682
狗的秘闻,2013,20339,20339
大黄山,2014,20895,20895
史前战役,2007,26492,12680703
中华美食,2019,26811,23170962
今日美国推手,2018,25690,133932
贵族之宴,2015,25184,120212
B-2隐形轰炸机,2013,21566,21566
眼看宇宙,2013,21166,21166
口述：我与高考,2018,24331,95232
奢侈的一小半 第三季,2018,24273,92452
大明管家,2016,20871,20871
食品加工厂 第二季,2013,25975,2122873
暗杀希特勒的四十二种方法,2008,21786,13172
全景：苹果无法兑现的承诺,2017,20322,20322
百年南京,2014,22009,20012
邱瑞秋的世界美食烹饪,2015,20501,20501
传承大家,2019,26828,23373441
野外求生六人行 第一季特别篇,2018,25515,130532
俯瞰非洲,2018,24998,114352
水母的秘密世界,2016,21057,21057
一本书一座城 第一季,2015,21359,21359
里克・斯坦远东美食游,2009,20361,20361
911：美国心脏,2013,21693,11032
梦想的形状,2016,26398,7762169
英国购物狂,2014,20574,20574
食品加工厂 第一季,2012,25965,2090560
BBC地平线: 不受控制？,2012,20039,20039
中国绘画艺术,2016,20947,20947
强军的落幕,2017,21188,74972
军事科技秀 第二季,2017,20731,20731
科科：与人类交谈的大猩猩,2016,25434,127852
小狗与小猫的奇妙世界,2016,26205,4314022
奶奶的现代社会指南,2016,24392,96772
绝对好奇：美国的自然资源,2011,25602,132632
希特勒的奥林匹克运动会,2016,25359,125572
节食与长寿,2012,20041,20041
护鲸大战 第四季,2018,25673,133692
地球起源 珠穆朗玛峰,2009,20700,128832
地平线系列：大数据时代,2013,20042,20042
手工云南,2015,25770,136412
游戏愿景,2017,24013,84712
普京的政坛谜棋：王车换位,2017,21192,74912
东京审判,2015,24020,84872
格拉汉姆・诺顿秀 第十八季,2015,26045,4309782
战争中的动物,2018,24948,112812
吃人蟒蛇,2018,25728,134552
品味中国,2010,26088,4310702
奢华亚洲 第一季,2018,23546,59472
鹰击长空,2011,25109,118332
中国故事,2018,24388,96692
大陆的崛起,2013,20009,20009
豪华戏水池,2018,25732,134592
五星天皇麦克阿瑟,2017,21205,74572
家园 生态多样性的中国,2018,23941,82672
糖：新一代健康杀手,2015,22578,35072
改变世界的天才们,2016,22293,28192
非自然选择,2013,24238,91612
地球上最热的地方,2009,20321,20321
摇滚传奇 第一季,2013,24187,89912
藏地藏味,2018,24389,96712
X档案,2018,26395,7740803
探秘高山植物,2017,24014,84732
现实版唐顿庄园,2016,21866,15972
尼安德特人的启示,2015,26608,16010777
太阳系生命探索系列,2016,20951,20951
埃及故事,2018,25939,143112
乔安娜・林莉的日本之旅,2016,26158,4312822
古埃及：国王谷里的生命与死亡,2013,22304,28392
此时此刻,2018,23770,72972
李白,2017,21819,13932
无聊,2018,25080,117672
大飨宴,2016,22408,31352
奥黛丽赫本的N段情,2016,22063,22852
新电影传奇,2011,20799,20799
云中酒店,2014,24510,100332
青少年与同性恋,2015,20555,20555
女王宫殿荟萃,2011,20313,20313
国家宝藏,2018,23788,73872
唐纳德・特朗普的高尔夫大战,2010,20457,20457
揭秘英国,2016,24512,100392
认识特朗普家族：从移民到总统,2017,26168,4313042
古代奇迹,2014,26338,4771001
地平线系列：心智斗争,2014,20037,20037
生死连,2012,20798,20798
你瞧：现代世界的幻想,2016,21089,21089
哈勃望远镜,2007,21796,13352
衡阳会战,2017,21200,74752
荒野之谜第一季,2001,20187,20187
狗宝人人爱,2018,25640,133132
史蒂夫・乔布斯：亿万富翁嬉皮士,2011,20044,20044
亚历山大大帝,2019,26615,16155695
恐惧的伊丽莎白一世,2016,22191,25752
剖析死亡之谜 第一季,2013,24806,108812
反式脂肪生活,2015,21065,21065
夜班公交车,2018,23734,72212
抓获历史上的罪犯：法医故事,2016,20483,20483
日本旅游计划,2016,26403,7776544
泰国人妖,2016,26459,10435504
超级城市：纽约,2008,25381,126232
博物馆之夜,2015,20882,20882
西游记：张掖寻踪,2017,22628,36132
口述,2017,21735,12052
纽约 从过去的食物到快餐食物,2019,26600,15784521
宝宝的奇妙旅程,2016,24755,107032
台湾制造大解密,2018,25693,133992
云上的村落,2018,26657,18312933
亚洲的君主制,2018,25769,136392
发现中国：历史面纱,2016,20876,75032
舌尖上的法国,2014,21963,19052
浪迹荒野,2016,21849,14832
永恒的微笑――戴安娜・威尔士王妃,2016,21549,21549
黄金的真正价值,2011,20553,20553
超市秘密,2013,20067,20067
宇宙究竟有多小,2012,20843,75812
汽车买卖行,2015,25468,129092
致希斯・莱杰,2009,21561,21561
追踪希特勒,2015,20692,20692
时尚激情 第二季,2018,24169,88612
超级工厂,2018,26127,4311962
日本投降,2013,21568,21568
超市秘密 第二季,2017,26392,7731409
外星人猜想,2016,26091,4310762
寻找沙皇的宝藏,2012,21150,21150
上帝的细胞,2018,23790,73912
贴近埃及王图坦卡蒙,2018,25643,133192
超级卡车司机 第一季,2018,26090,4310742
入侵,2017,26447,10403955
奇遇,2018,23933,82152
海上丝绸之路,2016,23918,80452
诺曼底登陆日,2004,21914,17732
地平线系列：锻炼的真相,2012,20805,74432
时间协奏曲 制表大师菊野正弘,2015,20177,20177
伊丽莎白一世:杀人女王,2012,21826,14052
地平线系列：宇宙的黎明：真正的创世时刻,2015,20768,74212
《百年巨匠・梅兰芳》,2017,21365,21365
绝对好奇：纳芙蒂蒂木乃伊之谜,2018,25645,133232
天书秘境,2016,21813,13812
超凡骗子,2017,21581,74652
英国铁路纪行 第七季,2016,20642,20642
盛宴,2013,20379,20379
护鲸大战：维京海岸,2018,25676,133752
日本震后重建,2018,25665,133552
最后的美人鱼,2018,25414,127152
街头邂逅,2017,20287,73992
必看！必吃！必玩！,2018,25181,120152
英国小哥看中国：解码新时代,2018,23796,75772
驻颜奥秘,2012,20836,75652
真假美国史 第三季,2018,25637,133072
动物宝宝,2016,26715,19724079
试验场,2015,25005,114632
永不卷刃的尖刀班,2017,21191,74932
蒙娜丽莎的秘密,2013,24241,91672
中国文房四宝,2016,25756,135552
谋杀倒计时 第一季,2013,20373,20373
卡卡,2016,21837,14392
美国大革命,2018,25550,131392
节衣缩食 第一季,2018,24982,113912
筑地 深入世界上最大的鱼市场,2015,20750,20750
纯种狗的悲哀――三年后的持续报道,2012,20331,20331
超级游艇,2015,25436,127892
健身的真相,2018,26435,10225710
神秘世界之战争武器,2016,21840,14452
悲惨世界：从小说到舞台到银幕,2013,21462,21462
探索者：世纪探险 第五季,2018,25976,2135108
安藤忠雄：武士建筑师,2015,20048,20048
传奇的亚瑟王,2018,25003,114532
涟漪效应 第一季,2018,24716,105312
被外星人绑架者的自白,2013,26111,4311482
合理瘦身 第二季,2017,25380,126212
谎言的真相,2015,21067,21067
特种部队,2013,21406,21406
历史大揭秘 Ⅱ,2017,21328,21328
911犯罪现场调查员,2010,24490,99872
不列颠之战,2010,22175,25412
默克尔：不可估量的前程,2016,21214,21214
黄土大塬,2014,21009,21009
自然世界:狗獾――毁坏大师,2008,20430,20430
机械奇迹：发条装置之梦,2013,25349,125332
食在逋,2018,24941,112612
性感“小甜甜”----布兰妮・斯皮尔斯,2016,22437,32012
亚马逊深渊,2005,20402,20402
世界园林游记,2008,24258,92012
我是中国的孩子 第二季,2016,26531,12942269
美是什么,2018,24802,108672
我最后一个夏天,2014,20439,20439
女王90岁,2018,24204,90372
考古探秘 第一部,2016,20922,20922
莱恩和安斯利的食物大冒险,2015,25862,141312
造物工厂 第二季,2016,26161,4312902
睡眠科学,2018,23549,60492
奢华亚洲 第三季,2018,24518,100532
疯狂卫生间,2018,24216,90912
星球奥秘 第二季,2006,24816,109012
食品科技 第一季,2010,26323,4316202
上食堂,2016,26072,4310382
旅人 第一季,2015,24408,97112
尖峰火力,2012,20409,20409
全天候野生动物追踪,2012,20323,20323
航空母舰,2018,26122,4311802
探秘国王十字车站,2017,26580,13810327
归去来兮,2018,23812,77392
船政学堂,2014,26653,18290089
巨富与我们,2015,20355,20355
轰炸达尔文：尴尬的真相,2018,24947,112772
鲑鱼湾的搏斗 第一季,2018,25634,133012
迪拜二十四小时,2018,24819,109072
探索文明未知,2008,25251,122452
地球的诞生,2009,20699,128852
哥伦布到达前的美洲,2009,26629,16686452
神奇的中医,2018,26033,4309382
美国中心地 第七季,2018,24870,110532
睡眠追踪,2011,20659,20659
偷窥文化,2010,22433,31932
大胡子减肥记,2012,24256,91992
揭秘西夏陵,2018,26220,4314322
梦与路：小镇青年 双面人生,2018,24026,84992
行走的筷子,2013,26647,18048670
史说汉字,2009,21816,13872
城堡建造者,2016,22034,21972
碧血祭长空,2014,21004,21004
博斯，梦幻花园,2016,23905,79912
迪奥内幕,2017,24211,90692
家,2016,21915,17752
英国人的消费秘密,2015,24497,100092
智慧杀手,2018,25549,131372
长城,2017,22382,30552
怪奇密探,2010,20647,20647
军械库,2016,26048,4309842
中世纪国王秘史,2012,20360,20360
下南洋,2013,21808,13692
时代中国,2017,21878,16652
泰坦尼克-最后的乐队,2016,21765,12792
德国水域之下的秘密,2019,26678,18512041
中国人物志 - 梦想篇,2018,25664,133532
VICE 食物的政治,2017,25115,118392
豪华巨轮,2010,24498,100112
马可波罗 从历史走入现代,2014,25738,134732
德国艺术,2010,20129,20129
海平线上的迪拜,2017,21170,21170
品尝我吧 最美甜点,2018,24210,90612
里克・斯坦的西班牙美食之旅,2011,20053,20053
中国工艺珍宝,2016,20953,20953
意大利梦,2018,24116,87332
京杭大运河,2019,26576,13787274
热带大草原上的生活 大型猫科动物,2010,20505,20505
切尔诺贝利：30年后,2016,26401,7768413
超大建筑狂想曲 第三季,2011,24615,101932
玩命全接触 第三季,2016,26584,15346150
长城秘史,2014,24399,96912
蒋介石流产的核计划,2017,22755,39172
海之南,2013,20904,20904
时间的奥秘,2014,20689,20689
河之南,2007,21023,21023
战后日本景象,2015,26246,4315142
中国外交官纪实,2008,26743,21259704
国兴佳肴,2018,26089,4310722
世界航空公司：空中奢华之战,2018,24139,87832
刺猬的一年,2009,20965,20965
食物工厂: 经超市加工的食物 第一季,2012,26681,18518040
亚力克斯・波利齐 探秘意大利第一季,2014,20577,20577
城堡 强化的英国历史,2014,20120,20120
奢侈的一小半 第二季,2018,26086,4310662
沃克郡神秘攻击事件,2018,25695,134072
灵魂香气,2014,25404,126852
丝绸之路,2016,26035,4309422
熊猫之境,2011,24503,100192
自然世界:蚂蚁帝国兴衰记,2011,20419,20419
走进自闭症,2014,20842,75792
品・尝中国,2017,23493,58132
卡车游内陆第三季,2016,21788,13212
地平线系列：大黑洞的恐惧,2009,20152,20152
上海守夜人：深夜120,2018,26394,7738753
开创者X：丝路崛起,2016,24006,84552
人类进化论,2011,20847,75852
奢侈的生活 第二季,2018,24184,89792
浣熊,2013,25403,126812
何谓现实世界,2011,20199,20199
幕后故事,2016,24977,113692
美女猎手,2013,22081,23232
非凡狗狗,2013,20584,20584
世界豪车之最,2018,25897,142112
中国青铜文化,2016,20954,20954
从高空看天下 第六季,2018,24943,112652
妮可・基德曼,2016,22061,22752
世界极限运动,2016,22068,22952
湘当韵味,2013,26648,18049823
我的房子我来造,2018,24100,87012
德班战争二：以色列巴勒斯坦&联合国,2010,24279,92592
人类的起源,2011,20325,20325
剖析死亡之谜 第四季,2015,24965,113372
地平线系列：我们为何讲话？,2009,20022,20022
天堂杀机,2016,24521,100592
伊丽莎白女王的九十岁生日：家族致敬,2016,26458,10434602
最后的公爵,2015,24248,91812
汽车城改装大赛,2009,25973,2116438
成龙环保英雄,2018,24088,86632
发现中国：自然之谜,2016,20875,75092
牡丹,2014,20983,20983
邱瑞秋的厨房笔记：墨尔本,2015,20500,20500
设计,2015,20455,20455
SNH48_HO2出道花絮全纪实,2018,25853,141112
中国民族服饰文化,2016,20948,20948
地平线：火星旅行指南,2017,26141,4312362
欧洲铁路之旅 第三季,2014,20638,20638
简单易做中国菜,2008,24209,90592
威廉王子,2016,22038,22092
动物园的秘密生活 第一季,2016,26547,13272835
海外美食,2017,21710,11472
光辉岁月――纳尔逊曼德拉,2016,22336,29312
戴安娜:风流韵事,2017,21177,21177
狗狗淘气包,2018,25691,133952
台湾全攻略,2016,22171,25252
公平的代价,2018,24191,89992
亿万花市,2018,23550,60512
乌贼：在一个晚上爱与死亡,2016,21058,21058
午睡的艺术,2018,24155,88172
凝视深渊,2011,22230,26772
徽州,2004,21042,21042
佛国记-法显西行,2013,20872,20872
密码破译员,2018,25092,118012
原味澳洲 第一季,2013,25457,128612
我po故我在,2014,26454,10412259
大儒顾炎武,2019,26543,13230882
改造大对决 第一季,2018,24215,90892
初三,2014,21726,11872
整容之都,2018,26436,10225504
世界：西蒙・利夫：咖啡的踪迹,2014,20550,20550
世界历史遗迹,2016,22299,28292
空中猛龙,2017,21181,74992
世界海军大揭秘,2016,22572,34952
冰冷恐惧：俄罗斯的同性恋生活,2014,20494,20494
海中细语,2013,25178,120092
健康美味姐妹花,2016,26131,4312082
狗狗奇妙物语,2014,20587,20587
身体地图,2017,25484,129732
毛毛骑手的爽心美食,2017,26605,15818394
一个改写民国历史的女人,2017,21198,74792
蘑菇的魔力,2014,20365,20365
崂山传奇,2016,26730,19770929
动物打工记 第一季,2008,25964,2083085
兽医毕业班,2018,25714,134352
勇敢的心：维拉斯克兹的故事,2015,21097,21097
纳粹的末日,2018,23537,59292
淮军,2008,20906,20906
寄宿学校：从男孩到男人,2013,20344,20344
千禧时代破壳之旅,2018,25787,137992
城市秘密,2012,20591,20591
亚力克斯・波利齐 待聘大厨,2015,20613,20613
朝鲜空战记忆,2016,21003,21003
百年巨匠,2012,21709,11452
毕达哥拉斯装置 迷你特辑,2015,20179,20179
绝对好奇：透视黄石公园,2018,25652,133372
荒野之旅,2012,20340,20340
宇宙之解开历史之谜,2015,26320,4316142
肥宠年度减肥大赛,2015,20598,20598
千禧一代 我的人生,2016,24542,101072
一方水土,2016,21019,21019
奇趣大自然,2015,21332,21332
野外竞技,2012,25771,136452
伊丽莎白一世女王的间谍,2017,26474,12117557
哈利法塔,2018,25412,127072
川江饮食,2018,26075,4310442
博物馆匠人,2014,20702,20702
东湖梅岭毛泽东,2013,22601,35592
一份报纸的抗战,2016,26646,18048093
1421年：中国发现新大陆？,2004,20674,20674
星球奥秘 第一季,2007,24813,108972
无价之鱼,2018,24242,91692
伊丽莎白一世和她的敌人们,2017,26400,7767193
《画中国》第一季,2016,21174,21174
世界末日,2005,20374,20374
筑梦者姚明2・光芒,2018,25164,119572
春节,2016,21895,17132
小脚丫,2018,25868,141532
拜占庭 三城记,2013,20450,20450
兄弟们,2015,24284,92732
无敌舰队：不为人知的故事,2015,20424,20424
趣味科学,2012,20446,20446
消失的古滇王国,2013,26825,23371152
马文的熊猫王国历险记,2010,20646,20646
撒哈拉,2009,20678,128812
来自天空的秘密,2014,24974,113532
卡尔・拉格斐,2014,25162,119512
节衣缩食 第二季,2018,24983,113932
寻找失落的巨人,2014,26633,17145656
伴随贝多芬起舞,2017,21723,11812
空中勇士第四季,2014,25179,120112
我们为何为人,2013,20772,74252
摇滚传奇 第二季,2013,24188,89932
解剖之美,2014,20304,20304
与虎豹为邻,2018,25698,134092
黑天鹅,2016,25102,118192
金城兰州,2016,22606,35712
东北虎,2018,24540,101012
旅行沙拉 第三季,2015,26004,3698229
鸡块的秘密,2014,24756,107052
神秘雇佣兵,2016,21833,14232
动物爱美餐,2018,25522,130712
食为天 第四季,2018,26087,4310682
成长的秘密,2010,25791,138812
移民英国指南,2015,26083,4310602
24小时人体奥秘,2018,26396,7742404
认识狗狗,2012,20817,74552
银行：关于生活与债务,2015,24804,108792
自然世界：狼之风暴,2012,20433,20433
世纪最佳运动员贝利,2016,22064,22872
自然世界：揭秘猫头鹰,2017,20620,20620
同性恋的禁地,2011,20537,20537
BBC 地平线系列：时间的真相,2008,20800,74372
求生,2017,26211,4314122
荒野之谜第三季,2003,20189,20189
明妃传,2017,21209,74592
剖析死亡之谜 第二季,2014,24807,108832
查特沃茨,2012,24515,100452
屋内聪明人,2018,24167,88452
看不见的宇宙 第一季,2019,26606,15821426
刘伯承元帅,2012,20975,20975
恐龙漫步,2013,25875,141692
欧洲铁路之旅 第二季,2013,20637,20637
千年包公,2016,20976,20976
挑战丘吉尔,2012,26334,4739468
外滩,2011,21714,11552
中国文化遗产,2016,20949,20949
发明创世纪,2012,25246,122372
超级狗模大赛,2012,24966,113392
摇滚传奇 第三季,2013,24189,89952
纹身 日本的图腾艺术,2011,20389,20389
鸟瞰世界,2010,21772,12912
密码破译者-现实版模仿游戏,2017,20663,20663
变废为宝:军废品的神奇之旅,2015,21610,21610
艺术百面 第一季,2013,24237,91592
红色家族,2018,25774,136572
圣诞大乐高,2016,24219,91052
金钱与我,2016,25413,127112
谈婚论嫁,2016,21743,12352
寻便当,2018,26014,4308782
动物犯罪,2005,20491,20491
维京解密,2015,20399,20399
超级迷你动物 第二季,2018,26388,7481247
世界之最,2015,21599,21599
丽萨・林的新闻调查 第一季,2014,26016,4308842
大师,2008,26686,18720092
萌宠使命,2018,24989,114132
收藏狂人,2015,25773,136512
欧亚铁路之旅 第六季,2018,26644,18044214
追踪人性之恶,2012,25175,120032
自然中的天才,2012,25202,120572
驾车游俄罗斯,2014,20520,20520
纳粹宝藏的秘密,2015,25216,120852
汉水安康,2017,22665,37052
旅人 第二季,2016,24409,97132
不容淡忘的伤痛历史,2017,21194,74872
月球之旅,2005,21698,11212
四季森林,2017,26592,15557053
旅行色拉,2017,20665,20665
昆虫拯救,2016,26635,17147920
1968：时代分水岭,2006,24276,92512
动物出生的奇妙过程,2015,26755,21707038
巧克力黑金,2018,24138,87812
英国上空,2016,25095,118032
英国最繁忙的机场：希思罗 第三季,2017,26581,13812718
中国向欧洲的进军,2012,26522,12760492
中国电视剧50年,2008,20984,20984
撞击科学,2006,24730,105612
生命周期,2017,26759,21732925
至美人间：瓷之瑰宝,2014,20623,20623
火车大劫案,2013,24501,100152
恐龙的行军,2011,20631,20631
林肯的最后一天,2018,24231,91472
空中勇士 第五季,2014,25883,141852
爱登堡：探索自然60年,2012,20055,20055
冰冻星球：如履薄冰,2016,20464,20464
返老还童,2015,20734,20734
第5空间,2017,24021,84892
欧洲铁路之旅 第一季,2012,26120,4311722
911碎片拼接,2011,21570,21570
美味情缘,2013,20583,20583
山东抗战纪实,2015,22223,26592
杰米的美食逃离之旅,2009,20656,20656
自在生活 第五季,2018,24981,113872
日本和平宪法始末,2017,21196,74832
全球最具影响力红人,2016,21842,14492
寓言五则,2016,21696,11172
你的大脑,2018,24539,100992
淮河六章,2014,20900,20900
空中救援 第一季,2014,25558,131632
走遍世界,2016,20990,20990
香水秘密,2012,26422,8728568
中世纪死亡阴谋大揭秘,2018,25917,142632
奇境秘闻,2018,24499,100072
荒野求存,2015,21620,21620
机器人时代,2014,21850,14912
巨型动物,2013,20489,20489
超级万人迷――大卫贝克汉姆,2016,21774,12952
海斯顿的鱼类盛宴,2018,24251,91872
世界自然遗产：哥伦比亚,2016,21093,21093
传家本事,2017,21173,75012
私家庄园揭秘,2011,20026,20026
灭蚊大作战,2018,25716,134412
时间大师 独立制表师,2015,20318,20318
创业在中国,2018,24386,96652
铁甲防御,2017,21197,74812
大甲午,2017,21733,12012
战废品猎手 第二季,2016,25433,127832
恒星七纪,2012,20142,20142
王室联姻,2013,20625,20625
考古探秘,2016,26862,24063029
异形昆虫：螳螂,2001,20390,20390
北极熊家庭和我,2013,20316,20316
地球未来2050 第二季,2017,20676,20676
埃及艳后消失的坟墓,2015,25765,136312
大胡子骑士之英国最美味,2011,20463,20463
墨脱公路,2017,21731,11972
美国铁路之旅 第一季,2016,20630,20630
地平线系列：性格的真相,2013,20049,20049
美食之旅,2017,21286,21286
百年商海,2005,23935,82172
地平线系列：火星任务,2012,20061,20061
塑造美国的战争,2006,21399,21399
前往目标-北海道物产展览会,2016,20565,20565
商战之电商风云,2014,22124,24412
发现中国：神奇世界,2016,20879,75072
欧洲铁路之旅 第五季,2016,20622,20622
福尔摩斯如何改变世界,2013,20333,20333
多角度战争,2011,22753,39132
丝绸之路上的美食,2010,26660,18320936
艾德走遍不列颠,2011,24980,113892
回到企鹅之城,2016,21797,13372
战争武器,2016,22599,35532
韩国俯瞰,2018,24102,87052
用无人机探索不为人知的英国,2016,20581,20581
印度阿育吠陀药物,2016,26690,18757812
麦当娜,2016,22436,31992
宏观世界,2017,26752,21702425
少女妈妈们的庇护所,2016,20573,20573
美味佳肴,2018,24340,95492
夏威夷：被偷走的天堂,2014,25342,125192
未来地球,2016,22594,35432
金牌推销员,2018,24244,91732
给我一个家,2018,24621,101972
中华园林,2016,20911,20911
极限科学,2018,24956,113012
全球大事件,2016,22441,32072
星球奥秘 第三季,2007,25461,128712
地平线系列：人造恒星可能吗？,2009,20755,74092
摇滚传奇 第六季,2013,24195,90072
混沌之谜,2009,25408,126952
地平线特别节目：走进欧洲核子研究组织,2016,26618,16172454
通往火星,2016,21096,21096
关中记忆,2017,26656,18305873
月球的力量,2011,20332,20332
南极故事,2018,24942,112632
变性人,2018,25885,141872
宠物淘气包,2018,25449,128372
非凡旅程地球公转与自转,2012,20350,20350
民俗中国,2016,20916,20916
画说历史,2017,20697,20697
欢迎来到世界各地,2013,20488,20488
美食世家 第二季,2015,26071,4310362
美食之巅 第八季,2018,26066,4310262
糊涂男人与智能手机,2016,25435,127872
戴夫银行,2012,24871,110552
再述历史,2018,24936,112492
中国京剧,2017,21751,12512
拳王阿里的绝密档案,2016,21836,14372
星电影,2017,22680,37332
战争中的皇室夫人- 伊丽莎白与辛普森夫人,2016,26224,4314442
平行的世界,2013,25483,129712
房东到家,2019,26721,19730535
暗物质的奥秘,2012,26443,10395421
达芬奇的最后杰作,2015,25767,136352
90分钟环游世界,2010,24494,99992
预知未来,2017,22792,40092
剖析死亡之谜 第五季,2015,24810,108892
艺术 激情 权力：皇家收藏的故事,2018,26441,10392566
美食王国 第一季,2015,26043,4309742
星球上的麻雀,2016,20959,20959
人工智能进化：福祸难料,2016,26248,4315202
猛犸象：冰河世纪的巨兽,2019,26679,18514994
珍宝解密（第一季）,2013,20398,20398
摇滚传奇 第四季,2013,24190,89972
马达加斯加岛,2011,20154,20154
战胜超级病菌,2012,20832,75592
太空探索发现,2016,21630,21630
大厨的菜单,2015,26864,24064515
吴哥窟-高棉庙宇,2014,21090,21090
食有所乐,2014,26493,12682534
超级科技,2016,21764,12772
食味星球,2017,24996,114292
剖析死亡之谜 第三季,2014,24808,108872
大庄园,2013,25465,128992
赫斯顿的盛宴,2009,24272,92432
郎朗传,2012,21703,11332
危险的狗狗,2014,25772,136492
非凡动物 第一季,2008,20341,20341
逃出生天,2018,24101,87032
海豹突击犬,2019,26844,23851622
地平线：神秘的暗能量,2016,26151,4312622
美国独立战争,2014,21571,21571
地平线: 马航370，你在哪？,2014,20759,74112
巴尔曼的设计王子,2017,20779,20779
为什么数学说不通,2009,20745,74012
地平线：来自太空的奇怪信号,2017,26149,4312542
最后的边界：地平线之宇宙指南,2012,20330,20330
印度大自然,2018,25636,133052
家的方向：火车站的春运感动瞬间,2018,24028,85032
巨型污染,2018,24157,88212
北京风情,2016,21029,21029
生存,2017,22794,40132
地质大历史,2013,26575,13777871
费斯托斯圆盘之谜,2019,26724,19742683
绝对好奇：预测火山爆发,2018,25683,133832
建造汽车,2015,20357,20357
长生不老：地平线年龄指南,2012,20811,74492
进化永不停,2017,26578,13798681
伊拉克：爱与战争,2016,21861,15732
梦露,2016,21776,12972
分分钟做好美味中餐,2010,24639,103252
地心,2011,20840,75732
建筑师的挑战之斯特拉斯堡大教堂,2012,26634,17146764
我在中国做生意,2017,22121,24272
隐秘世界,2018,24413,97212
浮生一日 第二季,2012,20651,20651
恒河,2007,20346,20346
白宫隐秘,2018,23785,73812
与狗狗一起徒步英伦,2017,26490,12679177
鲸鱼的轨迹,2016,22071,23012
纵横捭阖的历史,2016,22347,29652
吉祥物热潮,2017,20667,20667
爱恨情仇二战宣传战争,2016,22158,25032
宇宙前沿：月球奥秘,2015,26241,4315042
大规模杀伤武器,2018,24817,109052
百万王妃,2018,26126,4311922
谋杀倒计时 第二季,2014,20371,20371
摇滚传奇 第五季,2013,24226,91372
伊维拉湿地水豚,2013,20198,20198
雪人之谜,2019,26446,10402315
动物之家大改造,2018,25706,134252
滨水而居――北美五大湖污染现状,2009,26534,12991731
三姐妹的故事,2014,22309,28592
遇见宇宙,2019,26609,16017960
我从云南来,2018,26822,23368856
目的地火星,2019,26594,15558522
舌尖上的希腊,2015,21961,19012
夜晚的艺术,2011,21984,19472
我要当老板・加拿大 第一季,2018,24412,97192
白鲸：巨鲸之心,2019,26617,16165714
肤色,2013,26539,13011332
炸弹 子弹&骗局,2007,24972,113492
走进白金汉宫,2016,21383,21383
战机再现,2015,21564,21564
北极探秘 极端之地,2017,26796,22660663
千禧婴孩档案：2013,2013,20451,20451
伟大的友谊,2010,22405,31292
手钓鳕鱼,2016,26449,10406546
痘痘拯救,2018,24106,87132
肯尼迪亡日,2013,26058,4310102
新时代骗子,2015,25336,124872
动物全接触 第7季,2017,22807,40392
丘吉尔,2015,21802,13552
美国铁路之旅 第二季,2017,20639,20639
新环游地球80天,2015,25766,136332
美食探险家,2013,20410,20410
第12届狗宝宝大比拼赛前会,2018,25710,134312
动物园的秘密生活 第二季,2016,26693,18758964
花枝招展,2018,24999,114372
世界集市,2015,24995,114272
环球奇闻,2013,26039,4309582
海外学者看中国,2018,24390,96732
电影明星第一季,2018,23410,56172
地平线系列：我们孤单吗,2008,20785,74332
旅行色拉 第二季,2017,21227,21227
粤商,2013,26654,18302826
美剧大佬,2013,21965,19092
勇敢者的游戏,2016,22179,25492
飞禽传,1998,20497,20497
真相大白,2012,26509,12745666
袋熊的秘密生活,2016,26797,22662169
特种部队-随时待命,2014,26097,4310962
慎重模仿,2015,26040,4309642
诱拐,2018,24616,101952
巴黎时装周,2017,20782,20782
野生动物 无与伦比的有袋动物 树袋熊,2013,20510,20510
BBC 地平线系列: 你看到我所见了吗,2011,20804,74412
行走的红地毯 圣诞岛红蟹,2016,20747,20747
沙漠的颜色,2019,26595,15560048
世界极限运动 第二季,2016,22057,22612
蚂蚁国 大自然的秘密强邦,2004,20407,20407
美国最疯狂的彩票,2018,24136,87772
熊语者,2016,21762,12732
核变怪鲨,2016,24007,84592
百年山东,1999,21179,21179
从高空看天下 第五季,2018,24105,87112
寻秦,2011,22613,35852
荧幕明星 第一季,2017,22778,39752
毛毛骑士：蛋和鸡的大餐,2016,20634,20634
空中城市,2016,26106,4311282
寻找自我意识,2009,20754,74072
茶马古道,2011,26659,18319826
太空惊险跳,2012,20417,20417
战废品猎手 第一季,2015,21691,10932
我们的盖伊在印度,2018,24214,90852
梦中的额吉,2017,21354,21354
仙境之谜,2011,20966,20966
诡异,2018,23385,55652
如何成为亿万富翁,2014,22089,23372
伊丽莎白二世：伟大的女王,2015,21846,14612
哥特艺术,2014,26212,4314142
塞斯的自治城,2014,26494,12683434
莫斯科地铁建造记,2019,26643,18040198
趣说历史人物,2017,22746,38952
一度代表什么？,2011,20820,75512
古罗马的女王们,2013,20796,20796
抗癌之路,2012,20057,20057
巨型机械,2012,24249,91832
孤注一掷,2018,25087,117832
福岛退役：控制核辐射之战,2016,26404,7778454
钢铁丛林,2016,25386,126352
日本海女,2009,26455,10430609
旅人 第三季,2016,24410,97152
重访马可・波罗之路,2018,24194,90052
美第奇别墅 热爱艺术350年,2016,26448,10404785
肖恩・莱德探索UFO,2019,26636,17148661
播求传奇,2013,21068,21068
英国浴池热潮,2015,24502,100172
水的故事,2015,25460,128692
农耕生活,2016,26186,4313522
匠人：与元素相伴的生活 第一季,2018,24489,99852
南海猎人,2015,26707,19515109
袋鼠的秘密生活,2016,26764,21962492
人类的善与恶,2011,20822,75532
美洲冰河世纪,2009,25253,122532
阿卡雄牡蛎,2013,26516,12757732
上山下海保育战 第三季,2018,25713,134332
北京之外,2008,25884,141892
万物与虚无,2011,20738,20738
刘易斯.汉密尔顿 英国F1车手,2016,21838,14412
被通缉的18岁,2014,26444,10399827
美丽面孔,2014,25477,129572
巴黎禁区,2018,24153,88132
长寿有道,2014,24994,114252
八千里路吃四方,2018,26077,4310482
电影的魅力 第一季,2017,22800,40252
安吉丽娜.朱莉,2016,22060,22712
阴谋论四起,2018,25887,141932
环球之旅,2013,21153,21153
连体姐妹花：艾比和布列塔尼,2017,21403,21403
西蒙・里夫的爱尔兰之旅,2015,20392,20392
人类地域系统,2010,24247,91792
地平线系列：我喝多了吗？,2009,20802,74392
什么创造了天才,2010,20205,20205
足球之传奇档案,2016,22435,31972
热爱纪录片的人们,2013,20981,20981
建筑学院,2008,22773,39592
品茶大师,2013,20408,20408
地平线：治愈老年痴呆症,2016,26133,4312142
十大改变美国之事,2018,24115,87312
特里和梅森的美食之旅,2015,20495,20495
科技新玩意 s25,2019,26700,18769332
汤姆・戴利走遍全球,2014,20606,20606
战争时期的BBC,2015,20412,20412
原味澳洲 第二季,2014,25459,128672
寻找消失的希特勒兄弟,2016,21820,13952
协助犬的故事,2010,25190,120332
伊丽莎白女王九十岁生日庆典,2018,24509,100312
赛车手天才塞纳之死,2016,22182,25592
重大历史事件大揭秘,2016,21541,21541
凡尔赛宫家具探秘,2014,26626,16664177
舒马赫 F1赛车手,2016,21553,21553
科技虫生,2018,26389,7485583
自然奇境第一季,2006,20193,20193
龙卷风走廊2,2017,21218,21218
汉语拼音50年,2017,21707,11412
走进克拉里奇酒店,2012,24731,105632
维多利亚女王的信件,2014,20714,20714
寻声中国,2017,24016,84792
考古探秘 第二部,2016,20925,20925
王室迷,2011,26453,10410907
巧克力瘦身法,2018,24193,90032
恐龙灭绝：剖析行星撞击理论,2016,26315,4316022
翼装飞行编年史,2018,24987,114092
流行档案 第一季,2018,24119,87392
欧洲寻堡之旅,2019,26758,21732174
热带雨林,2016,20883,20883
超级跑车的故事,2018,26125,4311902
美国的秘密-诺曼底登陆日灾难,2016,21768,12812
遗失的迦太基勇士,2019,26682,18532525
电影明星 第二季,2018,24099,86992
旅游狂人 第一季,2018,25872,141652
中华各民族,2017,22226,26692
千禧婴孩档案：2008,2008,20366,20366
小城记忆,2017,22305,28472
世界极限运动冒险运动集锦,2016,21940,18492
超级聪明的动物,2012,20146,20146
我的动物朋友-海底任务,2017,21152,21152
新疆非物质文化遗产,2017,21753,12552
考拉的秘密生活,2016,26762,21944782
护鲸大战：战斗伤痕,2018,25680,133792
发现中国：最后的记忆,2016,20878,75132
亚力克斯・波利齐 探秘意大利第二季,2015,20576,20576
地球觉醒之旅 第一季,2013,24196,90092
狗狗密录,2014,20635,20635
乔尔?兰伯特前进福岛,2018,25715,134372
探秘地震,2018,25644,133212
诺福克郡日常 第二季,2016,26737,20256019
欧洲铁路之旅 第四季,2015,20629,20629
出发吧 向着寒武纪,2015,20312,20312
被盗的莎士比亚,2017,21224,21224
隐秘的世界-亡者之穴,2016,21100,21100
美丽地图,2010,20522,20522
自然世界:拯救大熊猫,2010,20393,20393
日本老兵,2017,21896,17152
e2建筑设计,2006,20673,20673
乌鸦-天空的流氓,2010,21050,21050
我们为什么会做梦,2009,20200,20200
“狂野”天后----碧昂斯,2016,22438,32032
曼联传奇,2016,21934,18352
行为守则,2014,26661,18322483
进化的奥妙,2015,26788,22491826
在城市腹地的食物市场,2013,26627,16667193
不可思议的飞行喷气背包,2018,25079,117652
异于常人,2018,25888,141952
软体动物的神秘世界,2013,20460,20460
宠物岛,2014,25877,141732
威尔士的冠军牧羊犬,2009,26622,16659697
债与偿,2011,26445,10400699
超强设计,2011,20795,20795
南太平洋比基尼环礁与马绍尔群岛,2016,21071,21071
走读江南,2014,20995,20995
超越人类的世界,2012,26437,10227971
弗兰肯斯坦和吸血鬼 月黑风高夜,2014,20459,20459
50美分 美国说唱歌手,2016,22331,29192
繁荣的英国房地产,2014,20342,20342
天魂,2017,21705,11372
星球奥秘 第五季,2008,25878,141752
生而飞翔,2019,26589,15367395
有序与无序,2012,24104,87092
百变金刚,2017,22362,30212
爸爸妈妈,2017,26866,24066008
市场营销的奥秘,2016,21951,18652
硝烟中的女性,2016,21699,11232
非洲孤狼,2018,24108,87172
阿丽尼餐厅入驻马德里,2019,26588,15362144
中非大互通,2018,26030,4309262
预言者说,2016,22115,24092
法国葡萄酒大师,2016,20485,20485
脸书迨,2011,24900,111392
走进冰川 一次灵魂之旅,2010,22346,29612
野性巴黎,2017,26612,16043714
追踪木乃伊,2010,26042,4309722
危险感知：动物如何拯救世界,2019,26587,15356727
《画中国》第二季,2016,21175,21175
再访吴哥,2016,22237,26952
深海水域 太平洋上的失落世界,2015,20327,20327
DNA侦探,2015,25881,141812
廊桥筑梦,2018,23491,58072
世界知名学府,2017,22224,26652
六盘天歌,2016,23964,83292
科技之乐,2017,26438,10230163
巨魔崛起,2017,24519,100572
美国中心地 第五季,2018,24394,96812
加拿大边防部队,2012,21793,13332
疯狂顺风车,2018,26360,5644465
豌豆公主凯莉米洛,2016,22332,29212
撒切尔夫人,2016,20867,20867
艾拉岛，威士忌的秘密,2009,26623,16660499
地平线：击败黑客,2013,20786,74352
我的中国梦,2017,21903,17332
地平线系列：烹饪造就人类吗,2010,20046,20046
谁击沉了法国舰队,2016,22160,25152
玛格丽特・撒切尔：铁娘子,2016,22301,28332
齐达内,2016,21927,18112
兰根堡之旅,2018,24488,99832
地球创世纪,2010,20529,20529
国事亲历,2018,26816,23198832
极光-天空之焰,2012,24240,91652
泡沫欢腾的香槟美酒,2011,26611,16042381
丝绸之路上的黄河古渡,2017,21171,21171
缅甸 难忘的火车之旅,2016,26536,13005467
哈德文的审判,2015,26496,12686076
在你耳中,2017,26757,21725417
神奇太空之旅,2016,21780,13072
阿拉斯加空难,2018,25239,122172
六胞胎的生活：小兰姆们,2018,24508,100292
复活岛：失落世界的秘密,2014,26108,4311362
鹤舞邙山,2016,22401,31072
设德兰群岛,2012,26503,12719753
珍宝解密 （第二季）,2014,20425,20425
美国第一时尚夫人----米歇尔・奥巴马,2016,21932,18272
来自中国的明信片,2018,26117,4311642
米饭大师,2016,20391,20391
追踪北极海,2017,24516,100472
单向乐队：我们在哪儿 圣西罗球场现场演出,2015,20783,20783
科学的历史,2010,20353,20353
戛纳电影节,2018,23783,73772
最恐怖之地,2016,22574,34992
生命起源的奇幻旅程,2015,25874,130352
流行档案 第三季,2018,24122,87472
吃昆虫能拯救世界吗？,2013,20029,20029
欺凌事件,2015,24803,108732
忍者乱太郎的宇宙大冒险,2016,20173,20173
海洋之死,2010,20751,74032
食物争夺者,2018,22805,40352
拉斯维加斯,2016,21677,74712
新奥尔良侦探社,2017,24280,92612
灾难逃生,2018,26121,4311762
您的建筑重几何，福斯特先生？,2010,21088,21088
美国秘史,2012,26036,4309462
加拿大生命线,2015,25047,116612
葛洪医道,2016,21892,17012
航空救国,2016,21821,13972
肯尼迪家族的诅咒,2016,22245,27432
荒野之谜第二季,2002,20188,20188
TOP10世界民俗奇闻录,2016,22434,31952
长城内外,2017,21579,21579
北极之险,2017,26586,15355301
太平洋火圈,2009,20685,128892
如影随行,2017,26869,24068993
我是传奇,2018,26374,6196386
利玛窦,2016,21010,21010
黄河,2016,21005,21005
世界第一台电子计算机,2013,21761,12712
希思罗机场 第一季,2015,25090,117952
世界：吉普赛新王,2016,26557,13310903
莎翁之谜,2019,26674,18491650
车库梦,2016,24186,89892
极致魔术,2018,23420,56372
我妈妈跟外星人打交道,2010,25088,117892
战将杨成武,2014,20979,20979
廉价超市之战,2013,26109,4311402
地平线系列：记忆的奥秘,2008,20777,74312
泰坦蚺,2019,26716,19724934
头条之外：真正的罗密欧凶手,2013,26754,21705507
商之都,2005,23959,83192
季节之海,2013,20561,20561
长春往事,2015,23968,83372
泰国大象，城市的弃儿,2013,26726,19763353
中国古代墓葬,2016,20944,20944
印刷术的诞生,2016,26362,5857766
足球大事件,2016,21660,21660
和我结婚的到底是谁 第二季,2010,21791,13292
尘封不住的西夏,2014,23948,82892
猫王,2016,22334,29272
自然世界：自然界的完美父母,2016,26169,4313062
摩托车体验,2016,22320,28912
万物的奥秘,2012,20310,20310
人类时代：新的约定,2015,25456,128592
传奇上将陈再道,2009,22136,24872
海底光缆,2018,25385,126332
达美乐的披萨人生,2015,20726,20726
穿越历史的邂逅,2017,21713,11532
英国铁路纪行 第八季,2017,26756,21710182
美国中心地 第二季,2018,23422,56392
哄背じ,2014,26658,18318660
马克・扎克伯格：揭秘脸谱网,2011,20368,20368
了不起的昆虫,2012,25200,120532
国家调查报探案,2015,20618,20618
真实的故事 第3季,2010,20362,20362
岛耕作的亚洲企业家访谈,2013,20349,20349
环球交叉点：智库看中国,2018,24031,85092
选角大师,2012,22315,28812
地平线：拯救南极冰站,2017,26753,21703952
世界末日的两度,2017,24517,100492
意大利:不爱我就请离开我,2011,25891,142012
野生生物，走出寒冷，进入火焰，黄石超级火山,2017,20264,20264
富足之街,2018,24246,91772
科学家的故事,2011,20978,20978
一战西线战场,2016,22078,23152
神奇的摩尔人,2016,21054,21054
克林顿夫妇,2016,22269,27892
大使 第一季,2014,24486,99792
古希腊的珍宝,2015,26206,4314042
传奇历史再现,2016,22442,32132
六号楼的女士,2013,25409,126992
超级感官,2016,21043,21043
闽味传奇,2016,26820,23202067
英国王室,2018,26070,4310342
文物春秋,2009,22355,29932
揭秘北海,2013,25158,119452
追逐皇室,2018,25008,114692
非常故事汇,2014,26694,18760686
好莱坞明星丑闻录,2016,22298,28272
罗斯・坎普：中东危机,2010,20866,20866
遇见企鹅,2016,26450,10408210
无尽盛宴,2018,26041,4309682
因为精神错乱,2015,26319,4316102
到底是怎么了,2018,24192,90012
亚力克斯・波利齐 探秘西班牙,2016,20589,20589
迁徙在寻找幸福的路上,2012,26824,23369627
舞台和银幕上的英国传奇,2012,23782,73752
加一,2016,22004,19912
梦回古村,2015,26736,20255133
环球中国小姐,2015,20560,20560
北美洲地质探索,2018,25661,133492
大厨大战科学：终极烹饪挑战,2015,25431,127792
挑战游戏 第一季,2018,26069,4310322
两棵树 两个幸存者,2017,26698,18767193
如何鉴赏名画,2011,22025,21952
英国铁路纪行 第六季,2015,20645,20645
作弊的真相,2016,20740,20740
彝药传奇,2017,26863,24063030
红牛皂飞车大赛 第三季,2018,24713,105292
病毒猎人：阻止下一次爆发,2018,26113,4311542
伊丽莎白二世,2016,21658,21658
国际交换生,2014,26096,4310922
知音人间,2010,26371,5971723
《戏梦关东――东北二人转民间老艺人档案》第一季,2016,21346,21346
里克・斯坦和日本大使,2006,20545,20545
我和我的富豪父亲,2015,26167,4313022
那些成就了我们的汽车,2016,20627,20627
披头士与滚石,2015,20648,20648
天网恢恢 第一季,2015,20437,20437
环球世界之奇异的旅游胜地,2016,21537,21537
偶像的诞生,2011,23784,73792
沉默策略,2016,24525,100672
耽于享乐,2012,20065,20065
物质之谜-寻找元素,2015,21412,21412
二战坠机调查,2016,22099,23652
红牛飞行日大赛 第一季,2018,24236,91572
亲历三峡,2017,21817,13892
《百年巨匠・关山月》,2017,21367,21367
白鲸行动,2018,24154,88152
我们的地球-我们的海洋,2013,21148,21148
人在火星：红色星球任务,2014,20841,75752
富哥哥穷弟弟,2016,26326,4316262
自在生活 第四季,2018,25011,114792
最后的浪漫主义者圣埃克苏佩里,2016,26335,4743123
无与伦比的美丽,2016,22249,27612
英国酒店,2012,24252,91892
马克龙是谁,2017,20781,20781
神奇身体：俄罗斯金色美人鱼,2016,26316,4316042
直面脂肪,2009,23544,59432
不可思议的镜头,2018,25004,114612
失落的部落,2017,26399,7763869
周游世界,2018,24114,87292
仁医爱人,2018,25989,3159506
现代斗牛士,2016,21830,14192
探索白蚁密室,2011,20968,20968
孕育生命,2016,22323,29032
冷门知识大搜查,2016,22212,26252
最后的海洋,2012,21106,21106
雪豹国际版,2015,21798,13392
荒野之谜第四季,2004,20190,20190
豪登高铁,2018,24932,112172
漫游,2015,25998,3383334
赝品大师,2014,21823,14012
乐享中国新机遇,2018,24074,86292
蜂鸟-珍贵的使者,2012,24239,91632
第13届狗宝宝大比拼赛前会,2018,25721,134472
熊本的同学,2016,26408,7786491
生命科学系列 第一季,2016,21491,21491
神奇的发明-工具篇,2013,21827,14072
伟大的亚马逊：大河的秘密,2016,26200,4313902
战机拯救：KA114奇迹,2013,20789,20789
圣米歇尔山:抵抗岁月侵蚀,2016,26760,21735762
第13届狗宝宝大比拼,2018,25718,134432
相约多瑙河,2010,26645,18047063
虚云大师,2017,21818,13912
爱琴海的光芒,2017,26817,23200608
灵魂工程,2009,22207,26152
跟随肖恩・宾回顾滑铁卢战役,2015,21405,21405
探索恶魔岛,2006,21787,13192
小行星面面观,2010,20209,20209
阿姆斯特朗 未解之谜,2016,21624,21624
鹳,2015,25406,126912
动物帝国,2016,26749,21695704
盖伊马丁急速飞车：F1赛车特别版,2018,24403,96992
明日世界,2013,20206,20206
干细胞革命,2016,22086,23332
自然世界：动物之家,2011,20123,20123
皇室工作备忘录,2016,21847,14632
日本的传统祭典in北海道,2011,20571,20571
一夜狂欢,2018,24137,87792
诺玛餐厅在澳大利亚,2016,24505,100232
身边的科学,2017,22135,24772
和我结婚的到底是谁 第一季,2010,21792,13312
调整战局,2015,26255,4315342
永远忠诚,2007,26751,21700156
问道楼观,2012,26603,15815369
寻宝牛仔 第四季,2017,25970,2104740
自然奇境第九季,2014,20204,20204
医疗革命,2015,20509,20509
中央公园效应,2018,24986,114032
猴子小偷 第三季,2012,25466,129052
蒂姆・费里斯实验,2017,20709,20709
地平线系列：人口极限,2009,20753,74052
与布鲁斯一起探北极,2011,20452,20452
畅游天下,2018,26076,4310462
指尖上的中国,2016,26023,4309042
因祸得福,2009,24514,100432
严重无视,2014,22799,40232
盗贼追踪,2015,24973,113512
过敏：现代生活与我,2014,20827,75552
旅人 第五季,2017,25977,2337711
未来城市,2017,21722,11792
无边灾难,2018,24118,87372
泛亚公路第一季,2015,20348,20348
中华儿女,2017,21180,21180
十年新发现,2010,20453,20453
世界：西蒙・利夫：茶叶的踪迹,2014,20557,20557
挑战大自然,2013,21922,17912
老式车的拯救,2012,21964,19072
剩女，盛女,2017,22129,24492
科库斯岛 鲨鱼岛,2016,26699,18767806
鉴宝大师,2016,21973,19192
核冷聚变的真相,2017,20664,20664
e2能源,2018,25410,127032
艾里斯岛,2016,22318,28892
最后的养蜂人,2017,21379,21379
探秘东亚最古老的部族,2013,22612,35832
蒸汽火车的黄金时代,2012,21871,16412
禁止生育的女性,2018,23548,60432
喀布尔的拳击女孩,2012,26687,18744983
旅游节目,2015,20514,20514
改变世界的飞行器,2016,22303,28372
老屋：探访中国各式建筑，约会各色家庭,2018,24029,85052
父亲的荣耀,2017,26865,24065272
幕后的威尼斯,2014,26689,18757351
树懒,2011,20149,20149
西尔维娅的意大利餐桌,2015,25972,2112126
泡泡中的科学,2018,23542,59392
盖伊・马丁急速飞车 第一季,2018,24401,96952
大风,2018,24985,113972
澳大利亚房屋建筑,2013,21531,21531
《戏梦关东――东北二人转民间老艺人档案》第二季,2017,21347,21347
家在苏州河上,2018,25994,3352641
徒步喜马拉雅,2015,26324,4316222
一根绳子有多长？,2009,20834,75612
巴黎1919：和平条约,2009,21697,11192
抗大，抗大！,2013,20869,20869
浦泽直树的漫勉,2016,26236,4314942
匠人的遗产 第一季,2014,25192,120352
青春永驻,2010,20056,20056
地平线：笑的科学,2016,26148,4312522
苦涩的种子,2018,24821,109112
360度解析美国内战,2013,21771,12892
美成在久 树宅相守,2018,24089,86652
奇妙学校,2018,24990,114172
服用百忧解的宠物,2018,26032,4309342
吉米和食物价格之旅,2014,20151,20151
法国人=无耻之徒？,2015,26012,4298900
大黄蜂的秘密,2013,20963,20963
世界上的公主王妃们,2016,22058,22652
幸运的奥秘,2014,26545,13236978
食物大变革,2009,20447,20447
内华达搜熊犬,2016,26506,12730673
我在海边等你,2017,21712,11512
涟漪效应 第二季,2018,26067,4310282
与狗同行,2012,20403,20403
玩命全接触 第二季,2014,20395,20395
陨石人,2018,23373,55392
我家族的秘密历史,2016,26210,4314102
透视科学,2016,22020,21712
十里红妆,2017,22683,37392
塑料鲸鱼,2017,26313,4315942
地球觉醒之旅 第三季,2013,24199,90172
曼谷-缤纷传统文化,2016,21069,21069
朱丽・沃特斯的海岸之旅,2017,26373,6175856
自然奇境第八季,2013,20203,20203
音乐天才大脑的秘密,2014,25880,141792
特日格乐,2017,26827,23372498
皇城记忆,2017,21815,13852
痴呆的真相,2016,26209,4314082
美国宝藏,2018,25009,114712
侏罗纪格斗俱乐部,2008,26662,18485696
科技新亚洲,2018,25662,133512
云岭和声,2010,20891,20891
与罗布森・格林一起探索海岸秘闻,2017,25458,128632
钢铁意志-克林特・伊斯特伍德,2016,21659,21659
世界上第一台计算机,2012,20569,20569
从西方到东方,2011,21036,21036
地球的秘密花园,2017,20721,20721
我们的知识是一滴水,2008,21159,21159
多国拍客全景还原泰国山洞大救援,2018,25752,135452
蜡像馆奇妙夜,2015,21211,21211
英国的华人虎妈妈,2012,20308,20308
斯堪的纳维亚半岛的艺术,2016,26123,4311842
野生动物 危险之旅 水牛大战狮子,2014,20512,20512
伊莉莎与可可树,2010,26550,13302613
黑色之翼,2018,25225,121092
芭蕾中国梦,2016,23965,83312
泰国大象医院,2016,26457,10432846
天下华人,2018,25991,3167488
再北京,2016,26217,4314262
社交服饰 第一季,2017,26068,4310302
罗马隐藏的城市,2015,20375,20375
胡萝卜或者大棒:地平线系列教你如何养育孩子,2011,20815,74532
乡里乡亲,2017,22214,26292
亚洲海啸：死亡之浪,2016,20793,20793
我的日本之旅 柔道・梦,2017,21996,19752
信仰之路,2016,21727,11892
地球之自然的艺术,2016,22242,27212
乐满哈瓦那,1999,22328,29112
大使 第三季,2018,24393,96792
巨石阵行动,2018,24212,90712
如果你中了大乐透,2015,26101,4311122
迪尼斯纪录排行榜,2016,22286,28132
加尔达湖畔的救生犬,2011,26533,12983243
凉州会盟,2016,22608,35732
永恒之美：古董车的梦幻世界,2018,24640,103272
博金斯基：癌症药物背后,2018,23545,59452
黄金猎手,2016,22431,31892
缅甸的末代国王,2015,26073,4310402
大使 第二季,2018,24391,96752
明星全接触,2018,26074,4310422
村小的孩子,2014,21887,16852
走进英国时尚杂志,2018,26162,4312922
相约古罗马,2012,22201,25992
帝王蝶大迁徙,2016,21676,74692
幻屏时空 第一季,2018,24480,99652
无法停止,2013,20413,20413
齐鲁青未了,2010,22403,31232
开拍 第一季,2014,24227,91392
极品油船,2018,25870,141612
王树声大将,2014,20969,20969
国之宝,2017,21238,21238
奇妙的旅行家,2018,24113,87272
习惯的奴隶,2014,25967,2092500
美国控枪实录,2018,22803,40312
伊拉克史诗,2014,22163,25232
性丑闻的背后――泰格・伍兹,2016,21777,13012
地球千年,2017,21387,21387
黄金的魅力,2013,21694,11052
趣味飞行,2016,22035,21992
自然奇境第二季,2007,20194,20194
戈登・沃森的奇妙世界,2016,26185,4313502
不负新时代,2018,24025,84972
英伦的面孔,2015,20524,20524
改变美国的十大事物,2013,25195,120432
大胡子骑士之天天美食,2013,20462,20462
戴安娜――7天,2017,26103,4311162
英国最大的小学,2015,20411,20411
科技新玩意 S21,2018,26079,4310522
长命百岁 第一季,2007,20492,20492
总统科学指南,2008,20839,75712
房地产的猎人,2016,21875,16552
扮演上帝,2012,20118,20118
消失的核弹,2016,21471,21471
越南，拯救亚洲黑熊,2016,26491,12679675
地平线：南极冰站,2016,26143,4312402
艾萨克・牛顿：最后的魔术师,2013,26160,4312862
美国中心地 第三季,2018,23536,59272
荧幕明星,2018,24156,88192
赤水河,2017,22396,30792
BBC 地平线系列：陷穴吞没记,2014,20766,74192
摇滚不死：杰森贝克传奇,2012,21098,21098
流行档案 第二季,2018,24121,87452
城市上空,2013,26028,4309202
野性巴西,2014,20400,20400
电影风云榜 Top10,2016,21841,14472
蝴蝶大冒险,2016,26593,15557704
监狱家庭,2012,21872,16432
冬天的科学,2018,24235,91552
创业大本营,2018,26372,6174180
海洋帝国,2008,21949,18572
猛鲨岛,2016,24012,84692
深海沉船之谜,2008,21489,21489
百岁老人的秘密,2016,26254,4315322
钧瓷,2017,22387,30652
我爱威尼斯,2018,25886,141912
罪恶的杀戮,2016,23966,83332
洞庭忧乐,2001,22404,31272
水下致命之旅,2013,21595,21595
在全球最大陨石坑中的生活,2018,26055,4309982
苍洱奇韵,2015,21031,21031
走进英国航空公司,2014,21500,21500
在塔拉峡谷漂流,2012,26502,12717329
一战图志,2014,21913,17712
艾德走遍不列颠 第二季,2013,26669,18490123
伊丽莎白二世之后：激流中的君主制,2018,25224,121072
荒野之谜第六季,2008,20192,20192
深海行动,2018,26026,4309142
荒野之谜第五季,2005,20191,20191
鸟脑,2012,25207,120672
英国最繁忙的机场 - 希思罗机场 第二季,2016,26713,19722726
北极熊之夏,2015,25176,120052
香山里,2017,22010,20092
新西兰法证实录 第一季,2018,26064,4310222
地球觉醒之旅 第二季,2013,24198,90152
身边的奥秘,2017,22016,21252
黄石公园之谜,2015,25182,120172
踏寻先辈的足迹,2017,21805,13652
为了自由：美国黑人的故事,2018,24117,87352
宝莱坞电影梦,2014,26095,4310882
客家情,2017,21756,12612
极端天气：幸存者,2015,20347,20347
大地之源：西之岛,2016,26406,7781254
传奇骑师罗恩・特尔科特,2013,26535,12999443
上海大发现：海上今朝,2017,24022,84912
巨蟒入侵：与奈杰尔・马文一起探寻佛罗里达,2009,20670,20670
人鲨情,2016,21626,21626
基克的动物世界,2016,22065,22892
科学并不难,2016,24799,108652
盖伊・马丁急速飞车 第二季,2018,24402,96972
材料的秘密身世,2012,26207,4314062
神秘世界之航空,2016,22439,32052
流行档案 第五季,2018,24124,87512
挖掘大蓝鲸,2016,21854,15052
女王的骏马,2018,24225,91352
旷野孤儿,2016,21692,11012
哈勃时代,2016,20662,20662
神奇的发明,2013,22432,31912
丽萨・林的新闻调查 第二季,2015,26024,4309062
见证改变的一天,2018,25892,142032
护鲸大战：战斗开始,2018,25675,133732
发掘不列颠 第一季,2010,20338,20338
地平线指南-谋杀之谜,2015,20838,75692
发掘不列颠 第二季,2011,20351,20351
机场全天候,2013,20335,20335
地平线：我们该不该关闭动物园？,2016,26139,4312322
谍影迷局,2014,21825,14032
美国总统使用指南,2012,26393,7734742
厄瓜多尔：受伤的丛林,2018,23551,60532
生命签证,2017,21732,11992
TOP10时尚达人,2016,21535,21535
危险犬只,2014,20725,20725
深入海啸,2016,20317,20317
百年开埠,2017,21757,12632
潮流工厂,2016,26059,4310122
玩转公园 第二季,2018,26114,4311562
声波――物理学中的交响乐,2017,26214,4314182
伊姆斯,2011,24903,111432
赫斯顿的盛宴 第二季,2013,26093,4310802
英国不为人知的遗产,2017,22758,39272
折扣风潮,2015,20616,20616
见证伟大,2018,24482,99732
动物拯救了我,2009,20336,20336
盖・马丁的工业奇迹,2018,26065,4310242
红色传奇,2017,21329,21329
喀斯特森林,2016,20914,20914
动物之家大改造 第二季,2018,25726,134532
维珍航空,2015,25223,121052
珍宝解密 第三季,2016,26187,4313542
在动物园出生,2018,24152,88112
肯尼迪家族的传奇,2016,22248,27512
动物打工记 第二季,2008,25963,2069788
探险加勒比海-与鲨共游,2016,21149,21149
危畔求生,2012,25196,120452
事故调查专家,2016,21822,13992
太庙－探秘皇家祖庙,2017,21742,12192
动物大迁徙,2014,21832,14212
收藏狂人,2013,21612,21612
世界恶名昭彰的诈骗犯档案,2016,21602,21602
神秘汽车,2012,21794,13452
滚石乐队,2008,22285,28092
恐同：秘密网络,2015,20358,20358
马戏团的故事,2013,24274,92472
新加坡梦想之地,2018,25407,126932
出租游亚洲,2012,20487,20487
深度新知：科技关爱,2017,24015,84772
珠峰噩梦,2019,26720,19730104
骇客星球,2013,23382,55592
信息过载的真相,2010,20715,20715
飓风360,2018,23370,55312
五星级遗址,2017,24396,96852
运动侦探,2018,24234,91532
上海记忆：他们在这里改变中国,2018,24037,85272
北上・长征在哈达铺,2014,22603,35632
荧幕明星 第二季,2011,21375,21375
离奇大冒险,2016,21654,21654
北海道特产展又如何,2012,20601,20601
美丽星球Ⅰ,2017,21330,21330
自然奇境第三季,2008,20195,20195
玛丽兰海洋公园,2018,24144,87932
编剧室,2013,21222,21222
雷人怪事倒计时,2016,21543,21543
滑铁卢勇士,2015,21789,13252
心手相连：这不仅仅是一份工作,2018,24487,99812
萧华,2015,20977,20977
丘吉尔的秘密之子,2014,20671,20671
北京城的抗日遗迹,2017,21899,17212
全新的地球,2013,20723,20723
中国傣族,2018,23927,81392
鹦鹉星球,2014,25198,120492
车祸幸运儿,2015,26107,4311322
世界海难纪实,2016,22407,31332
欢沁之物,2007,20404,20404
你的街头 我的舞台,2018,24478,99632
流行档案 第四季,2018,24123,87492
冒险的生意,2018,26050,4309882
全速前进,2016,24213,90732
长命百岁 第二季,2008,20493,20493
背二哥公寓,2017,21711,11492
e2建筑设计 第三季,2006,21408,21408
风追司马,2012,26218,4314282
天空漫游者 第一季,2018,24481,99672
披头士轶事,2011,22018,21512
双子塔与双胞情,2018,25871,141632
陶艺,2017,22213,26272
轰炸机英雄,2012,21598,21598
古生物侦探,2016,25186,120232
破译动物语言密码,2013,20626,20626
极限救援,2014,26124,4311862
自然奇境第五季,2010,20202,20202
自然世界:加拉帕戈斯群岛的变化,2015,20422,20422
地平线系列：疼痛的秘密,2011,20051,20051
一战死亡隧道大发掘,2012,20426,20426
荧幕明星 第三季,2011,21376,21376
寻找希金斯粒子,2012,20837,75672
逐影亚洲,2018,25882,141832
相信我 我是兽医,2017,26204,4314002
青春致敬青春,2013,21741,12172
我家的野生动物,2018,26402,7770510
科技新玩意 第23季,2018,26062,4310182
车祸求生,2011,20058,20058
我们爱企鹅,2014,26397,7760233
安蒂尼亚计划,2018,25454,128552
慕尼黑疯狂的一天,2017,20666,20666
天才鸟类,2013,25159,119472
海湾浩劫,2016,21411,21411
秘境传奇,2017,21331,21331
天空之桥：米洛大桥,2016,26562,13527149
心脏和大脑谁主沉浮,2016,21770,12852
艺术百面 第二季,2013,25974,2117776
扛摄影机的男人,2010,21673,21673
动物们的生活,2016,22039,22132
定瓷,2017,21885,16832
梅兰芳“奇”事,2017,22216,26372
巴黎-柏林：历史的线条和颜色,2015,26102,4311182
扫荡行动,2016,21966,19152
需要多少人？,2011,26001,3398162
西摇记,2014,22687,37472
精灵乐园,2015,26750,21697175
食物的未来,2009,20377,20377
植物油燃料,2018,24901,111412
动物全接触 第8季,2017,22808,40412
喷火战斗机修复工程,2014,21467,21467
生态旅游：生存的真正成本,2017,22795,40152
在家里,2016,21094,21094
宏大构想：我们要去火星吗？,2017,26213,4314162
关中书院,2015,21807,13672
延年益寿,2016,20660,20660
丝路微纪录,2017,25514,130492
数据讲道理,2015,26044,4309762
为打猎而生的新生活,2015,21044,21044
e2建筑设计 第二季,2006,21407,21407
奇妙科学探索,2016,22256,27752
猎物VS猎手 塞伦盖蒂平原上的生存之战,2011,20507,20507
风暴星球,2011,20337,20337
U2乐队,2016,21562,21562
沙漠幸存者：阿拉伯狼,2016,26237,4314962
灵岩道风,2014,22399,30952
最后的叶猴,2013,24275,92492
世界自然遗产：哥斯达黎加,2016,21092,21092
雪橇“骑士”的故事,2013,25455,128572
我的太阳我的梦,2018,24330,95212
盖伊・马丁急速飞车 第三季,2018,26082,4310582
大脑的音乐,2009,21415,21415
大裂谷,2009,20967,20967
天堂,2016,21013,21013
红旗渠――太行深处的记忆,2015,21316,21316
福克兰群岛的企鹅,2011,26559,13499928
美人鱼之景：莫顿湾儒艮,2014,26317,4316062
大栅栏--独特的城市名片,2017,22402,31152
拉脱维亚的盖・马丁,2018,24250,91852
格桑梅朵,2003,21704,11352
大会师,2016,21041,21041
传世象牙佛,2011,26219,4314302
空中救援 第二季,2014,26051,4309902
极致！光明和黑暗,2013,21164,21164
杀手压力：起因,2016,26240,4315022
美丽星球II,2017,21325,21325
凡人歌,2017,22743,38852
惊奇旅行,2016,22117,24152
大胡子骑手：车轮上的美食,2018,26094,4310842
监视大熊,2013,20482,20482
古方密语,2017,21416,21416
甲壳虫乐队解散之谜,2016,21550,21550
奇异之地,2016,22178,25472
人类感官,2003,20381,20381
荷尔蒙的神奇世界,2014,20672,20672
范妮的最后晚餐,2010,25191,120372
自然科技C工程师如何激励性质的顶尖的设计,2006,20964,20964
英国赌事,2014,20640,20640
京剧溢彩,2017,22013,20832
艺术中国,2017,21737,12092
迁徙的人,2007,20884,20884
童言话一战,2016,21918,17812
北京民间非物质,2017,21706,11392
千禧儿童,2015,20556,20556
我们的家园,2017,22397,30812
自然奇境第四季,2009,20196,20196
重返19世纪,2016,21501,21501
来自延安的报告：西方视角下的中共敌后抗战,2019,26868,24066868
惊天大爆破,2008,21856,15432
风之电话 向逝去的亲人低语,2016,20328,20328
中国公路音乐盛典,2015,20986,20986
江洋大盗,2015,26049,4309862
马克龙的爱丽舍之路,2016,20780,20780
伟大的亚马逊：猴谜,2016,26203,4313982
时尚激情2 薇薇安 韦斯特伍德,2018,24107,87152
捕鼠高手的乐土 埃塞俄比亚狼,2013,20503,20503
宋庆龄的故居,2017,21575,74612
走进自然,2016,24993,114232
改变世界的天气,2013,21381,21381
我的优步化生活,2018,24135,87752
哈雷・本森：一拍成名,2016,21091,21091
生物艺术,2011,21162,21162
兄弟情义与勇气・瓦希姆消防员,2018,24232,91492
城市DNA,2017,26078,4310502
圣诞老人的探索,2018,26116,4311622
创新精英,2016,22573,34972
南社,2018,25988,3158836
天坑与气候,2016,20952,20952
记者再报告,2019,26695,18762146
复活节的阴谋,2016,22184,25632
运斤成风,2018,24415,97252
科学探秘第三季,2015,20185,20185
数字媒体,2011,25188,120272
扎克.埃夫隆,2016,21547,21547
奥弗涅中部世界,2018,24132,87692
世纪彗星,2013,20828,75572
刀剑传奇,2009,21845,14592
赛场之王,2016,22023,21852
什么让我们变成了人--黑猩猩之启迪,2016,26250,4315242
巨石阵-遗迹复活,2013,25221,121032
钻机的天下,2016,21919,17832
野性日本：雪猴,2018,26407,7785663
神奇的大脑,2012,20388,20388
发明的火花,2015,20345,20345
碰撞之旅,2014,20602,20602
美妙之旅,2016,21072,21072
光的界限,2011,20960,20960
消失点,2011,26452,10409935
48小时制作,2017,25107,118312
开拍 第二季,2015,24228,91412
被禁锢的历史,2013,21622,21622
我们的孩子,2011,21017,21017
气候危机,2018,23538,59312
传习录：寻访笔、墨、纸、砚，和它们背后传承的故事,2017,24024,84952
一小时生死救援,2014,20652,20652
京剧的行当,2017,22011,20292
核安全之问,2016,21700,11252
忙碌之年,2017,26174,4313262
紧急呼叫：飞行救援队待命中 （第二季）,2015,26080,4310542
黄河入海流,2016,23951,82992
乒乓永远OK,2012,21773,12932
超人类的挑战,2013,20311,20311
尚小云“侠”事,2017,21577,74632
阿塔卡玛之眼,2013,25203,120592
最后的生死裁决 第二季,2016,26159,4312842
走西口的生活历程,2017,22682,37372
耀州青瓷,2017,21801,13512
地球起源之黄石公园,2009,26666,18488716
威尼斯电影节,2012,24400,96932
洛克比空难―火雨,2016,21596,21596
蒸汽火车的黄金时代,2018,23541,59372
小行星 是世界末日还是收获日,2013,20632,20632
德化瓷,2017,21803,13572
希特勒百万遗产追踪,2014,22106,23852
中国彩陶文化,2008,20945,20945
高黎贡山,2016,20933,20933
人生的礼物,2015,26053,4309942
探险大沼泽 -水晶河海牛,2016,21103,21103
清迈疯狂的一天,2017,20655,20655
创新民族 第2季,2015,21572,21572
走进尚流,2018,25089,117932
追寻土豚之旅,2016,25430,127772
美国飓风：镜头捕捉,2017,21394,21394
埃迪・雷德梅尼谈战争艺术,2015,21628,21628
成名在望,2009,20484,20484
孙中山在北京的足迹,2017,21747,12432
玩转公园 第一季,2018,26112,4311522
齐鲁丰碑,2017,21752,12532
重托,2007,21207,21207
全球明星娱乐记录,2016,22338,29372
皇室艺踪,2013,21413,21413
道北70年,2010,26697,18766204
青城记忆,2017,22358,30092
重金属乐队,2016,22280,27972
纳西故事,2016,21725,11852
抗战组歌,2015,20909,20909
全能星人,2013,22430,31872
最后的敖鲁古雅,2017,22690,37532
直升机英雄,2016,21921,17872
如何培养一名宇航员,2015,20062,20062
蓑,2017,25177,120072
伟大的设计,2012,21591,21591
游轮沉没-拯救肯考迪娅,2013,21695,11092
日蚀猎手,2016,21463,21463
极客超越,2014,25382,126252
陨石袭击,2013,20636,20636
模范员工,2013,26085,4310642
石破天惊的秘密,2011,22610,35772
冰川启示录,2016,21034,21034
豹子故事,2014,25006,114652
皇家空军,2014,22587,35292
荧幕明星 第四季,2011,21377,21377
荀慧生“戏”事,2017,21748,12452
唐三彩烧制技艺,2017,22215,26352
路在脚下,2013,26037,4309502
首都纪录,2017,21900,17272
重建世贸中心,2016,21475,21475
森林重生者：月熊,2015,26245,4315122
教练,2016,24397,96872
俄罗斯寻虎行动,2012,25204,120612
盖伊・马丁：世界上最快的摩托车手,2018,26084,4310622
中国自然保护区,2016,20939,20939
半边天,2011,24245,91752
北极冰上机场,2012,21589,21589
1973凡尔赛之战,2012,25157,119432
灾难下的民族,2016,21465,21465
从心所欲,2017,22714,38152
人岛情缘,2016,22036,22032
曼德拉的世界杯,2016,22343,29492
海尔是海,2017,22406,31312
地球起源之灭绝大爆发,2009,26673,18491399
美丽星球,2016,21980,19352
霞幕北飞,2016,21897,17172
进入动物的思想,2014,20359,20359
陨落的偶像：尤里・加加林阴谋事件,2016,22076,23072
福城福味,2015,26819,23201342
冰人,2018,25100,118072
珍珠纽扣,2015,21563,21563
救生员,2017,22788,40012
红色平川,2017,21993,19672
鼓手的理想,2010,26538,13009667
假期纹身修复师,2018,26046,4309802
海上・海,2018,25995,3356671
的士司机国外之旅,2014,20449,20449
胡须大赛,2011,26063,4310202
名人家事,2014,20706,20706
共同记忆,2009,20898,20898
面罩之下,2013,20650,20650
密西西比间谍,2016,21917,17792
乐趣中的财富,2014,20486,20486
饕餮自然,2017,21280,21280
地球起源之海啸,2009,26664,18488038
名角的摇篮,2017,22306,28512
拯救地球,2014,20704,20704
发掘不列颠 第四季,2016,26130,4312042
电影的魅力 第二季,2017,22754,39152
匠人的遗产 第三季,2014,25194,120412
清洁工的秘密生活,2015,20543,20543
猎人与熊,2013,25183,120192
自然界的媒人,2013,26118,4311662
夜行动物探秘,2012,20208,20208
杀手压力：治疗,2016,26238,4314982
难以抵达的终点,2015,20974,20974
日照黑陶,2017,22122,24312
揭秘浩瀚星球,2016,21835,14312
大卫・爱登堡之地球上的光芒,2016,25199,120512
枣树,2017,22742,38812
电影的魅力 第三季,2017,21378,21378
见证灵光一闪的时刻,2013,20763,74132
小憩的艺术,2015,26100,4311082
阿姆斯特朗,2016,21930,18212
地球起源之喀拉喀托火山,2018,26663,18487335
地平线：体育兴奋剂,2016,26561,13527064
24小时送包裹的人,2015,20551,20551
自然的力量,2010,26564,13536109
梨园泰斗,2017,22131,24652
会宁汉唐街,2017,21994,19712
绞胎瓷制作工艺,2017,21882,16772
揭秘牛津街,2014,21852,15012
长寿人生,2018,23543,59412
珍珠的秘密历程,2016,26314,4316002
科技新玩意 第22季,2018,26061,4310162
古气候探秘,2011,20928,20928
E平方 环保交通,2018,24243,91712
危险工作,2015,21605,21605
画像,2012,26563,13532178
莎翁之墓,2016,20649,20649
黑蜂的群舞,2017,22398,30872
自然世界：大猩猩看电视,2010,20540,20540
全景,2018,25997,3367406
神奇大脑,2009,21499,21499
路易斯・泰鲁：厌食症,2018,26157,4312802
一辆车的诞生,2016,22204,26032
夜行动物：非洲狐蝠,2016,26251,4315262
大博弈探险,2016,25876,141712
中国风情,2016,20941,20941
中华文化之谜,2016,20955,20955
地球一日,2014,20241,20241
我们的抗战,2017,22674,37212
共和国平民英雄,2017,21904,17452
澳新军团的秘密,2016,21834,14252
为游泳而生的新生活,2015,21061,21061
同济在云南,2018,26815,23197243
红海船难,2016,21070,21070
程砚秋义事,2017,21708,11432
寻找消失的部队,2010,21859,15592
瑜伽 印度传统医学,2016,26717,19726675
地球起源之死亡谷,2009,26677,18492355
卓尼土司,2012,22614,35872
流产热线,2018,23540,59352
偷渡客,2017,22709,38012
大栅栏飞出的金凤凰,2017,21814,13832
郁金香梦,2013,25206,120652
盆窑工,2012,22681,37352
大堡礁上的月亮魔咒,2014,20292,74172
环球大冒险,2016,21652,21652
把地球绘进地图,2010,20329,20329
拯救大象,2011,23803,77132
夏天的科学,2018,26115,4311602
大爆破,2017,21739,12132
钢铁时代,2017,22740,38772
风云纪录,2016,21006,21006
时间线,2018,23539,59332
自然世界：日本雪猴,2009,20547,20547
春官,2017,22688,37492
戏园子的变迁,2017,21746,12372
九十九龙潭,2016,21027,21027
远古的背影,2016,20950,20950
匠人的遗产 第二季,2014,25193,120392
四大须生,2017,22308,28572
理查德・布兰森,2016,22183,25612
巡回鉴宝警探 第一季,2015,20434,20434
视听之外,2015,26243,4315082
黎明丹霞,2016,21021,21021
往先,2017,22720,38312
揭秘穴居人,2010,25405,126872
致命的生物全景,2011,20432,20432
水下地球,2011,20397,20397
野性密码,2017,21239,21239
加柔制衣,2017,22796,40192
偷袭加拉哈德军舰事件,2012,21860,15672
广富林猜想,2018,25990,3163376
海上名家：大师级名家的人生故事,2018,24027,85012
宛若归乡路,2003,22037,22052
奇谈,2018,24043,85412
未授权之哈维・温斯坦,2011,26054,4309962
兰州蓝,2017,22630,36212
丹巴碉楼,2016,20881,20881
葬礼导演,2012,20401,20401
天网恢恢：飞行员小姐,2014,20394,20394
旅游狂人 第二季,2018,26056,4310002
圣瓦里第三季,2016,21920,17852
昆廷卡洛琳国家公园,2013,20352,20352
超级明星主播的崛起,2016,26047,4309822
士兵之歌,2016,22096,23572
我通过六个人找到你,2017,23594,67992
王者归来,2013,21615,21615
中国现代艺术,2016,20912,20912
国粹新篇,2017,21898,17192
寻找特兰西瓦尼亚黄金,2018,25205,120632
时代先驱,2012,21477,21477
平定黑釉刻花瓷,2017,21730,11952
创新民族 第1季,2011,22582,35152
狒狒大盗,2011,25383,126272
达里诺尔――火山湖中的生命奇迹,2011,20918,20918
电影的魅力 第四季,2017,21400,21400
地球起源之维苏威火山,2009,26672,18490829
地球起源之圣安德烈亚斯断层,2009,26667,18489419
重量级人物具有意想不到的技能,2016,21047,21047
重返雅典,2016,22185,25652
直升机搜救,2011,21493,21493
维修人员 第一季,2013,22597,35492
奇异之旅,2016,22576,35032
旅游狂人 第三季,2018,26081,4310562
华盛顿之战,2013,20794,20794
史密森尼亮点解析系列 第二季,2016,22240,27032
非凡贵宾犬,2018,26027,4309182
e2建筑干预,2018,23791,73932
观云,2009,21587,21587
脑残粉的自白,2011,22102,23752
汉密尔顿之旅,2014,25160,119492
科尔迪茨传奇,2016,22104,23812
阿尔菲的星星,2013,26691,18758156
银发汹涌,2014,23932,82072
追逐幸福,2017,20668,25772
地球起源之极旱之地,2009,26665,18488454
江北水城,2016,23960,83212
关山寻踪,2017,21738,12112
城中绿洲,2013,25189,120292
征服世界,2012,21858,15492
艺境巴塞尔,2014,25415,127172
尖叫：保罗・好莱坞遇见阿斯顿・马丁,2015,20356,20356
小世界,2017,22739,38712
伦敦好莱坞,2006,21409,21409
绝命生存,2017,21285,21285
恐龙化石的秘密,2008,21954,18712
磁州窑,2017,21740,12152
为跑而生的新生活,2016,21063,21063
决胜朔方,2016,23953,83012
中国天鹅,2016,20936,20936
军团纪念日,2015,22113,24052
奶爸当家,2012,20363,20363
流星威胁,2013,25245,122292
地球起源之落基山脉,2009,26671,18490559
争分夺秒,2016,22302,28352
家族密码,2014,21795,13432
马来西亚女车手,2017,26451,10409093
杰西卡・沃森-真正的勇气,2010,20653,20653
诺曼行走,2010,22596,35472
飞翔的信天翁！大迁移计划,2015,26202,4313942
爱德华・路贝特和普罗旺斯的味道,2015,20406,20406
最后目击者,2014,22595,35452
蓝天保卫者,2016,21923,17952
青春骑行,2016,21274,21274
地球起源之大峡谷,2009,26668,18489420
juice 运动时刻,2016,22260,27812
星光记者争霸赛,2012,20609,20609
自由，平等，友谊-足球,2015,26099,4311042
智利矿难事件,2016,22210,26212
地球起源之圣海伦火山,2009,26675,18491651
危险的美丽,2013,21608,21608
告诉他们，我到昆仑关去了,2017,22689,37512
自然奇迹,2016,22575,35012
命运之旅 北海道棕熊,2014,20784,20784
毁灭之子,2010,22590,35332
属于我们的街道,2017,21397,21397
视点锋汇,2015,26696,18763868
"小星球,大主意",2018,24109,87192
鲁布托鞋的秘密,2015,20372,20372
传统精粹,2016,20910,20910
雄奇怒江,2015,20971,20971
高原圣洁,2017,21272,21272
360度全方位,2018,23419,56272
春临神明之海,2015,20564,20564
空巢,2017,22684,37412
火之韵,2015,20903,20903
爱登堡巨蛋,2011,20326,20326
白水台,2016,21039,21039
四只翅膀和一个祈祷者,2007,21758,12652
手无寸铁的诗歌,2016,26692,18758963
飓风过境,2014,22584,35212
拍下一战的男人,2014,21468,21468
地球起源之约塞米蒂河谷,2009,26670,18490124
两个人的邮局,2017,22400,30992
雨果的假期,2018,25996,3362656
零号泳道,2019,26719,19729245
我爸,2017,22707,37912
我的太阳我的期盼,2016,20970,20970
熊语者,2011,21472,21472
炸弹袭击,2013,21848,14672
流动记忆,2017,22733,38592
响沙,2016,21025,21025
展览的秘密,2016,22111,23952
雪怪传奇,2019,26821,23202772
运输的可持续性发展,2016,22187,25672
家铁路春秋,2017,22693,37592
地球起源之阿尔卑斯山,2009,26676,18492354
收养记：洛林・帕斯卡的故事,2013,20657,20657
高效环保机器大赛,2016,22351,29712
我的钱鬼老母,2017,22723,38352
朔方盐州,2016,23961,83232
最后的小火车,2014,21276,21276
灰喜鹊,2017,21283,21283
喀斯特石山上的精灵-白头叶猴,2016,20930,20930
飞天女赛皮迪,2013,21066,21066
恶劣环境,2016,22085,23312
动物志,2016,22066,22912
维修人员 第二季,2013,22598,35512
东堰桥头60-2号,2017,22703,37852
用户大挑战,2013,21790,13272
指挥,2016,21095,21095
不朽之影,2013,20442,20442
一个完全不同的我,2012,20438,20438
陶色斑斓,2016,21002,21002
彩虹王国,2016,20956,20956
圆梦达卡,2016,22200,25952
朔色长天,2016,23967,83352
甜米奇竞选总统,2015,22313,28712
城市的奔跑者,2017,22736,38652
世纪珍藏,2016,23963,83272
迭部,2011,22605,35692
1/5,2017,22712,38052
讷爱,2017,22726,38412
布雷特：无胳膊的生活,2015,20857,73952
我躲过了一次致命的飞行,2013,20421,20421
弗雷迪挑战世界,2011,21627,21627
我的新手,2017,21391,21391
此处留白,2011,22084,23272
王汝刚拜年艺术界老法师,2018,24030,85072
寻找迈克,2016,20728,20728
艺剪裁梦,2017,22724,38372
重拳出击,2016,22300,28312
风雪由他浓淡中,2017,22729,38472
新汽车故事,2018,26745,21287258
环境家,2009,24111,87252
我们的信仰,2017,22686,37452
风之能,2010,21476,21476
我的爸爸,2017,22717,38232
赤脚行医四十载,2017,22685,37432
弗雷迪拳王争霸赛,2012,21593,21593
守护星星的人,2017,22716,38172
渝都续弦歌,2017,22725,38392
碑后有故事,2019,26928,24753204
史蒂芬霍金看宇宙: 时间简史,2009,23804,77152
